name,planet_status,mass,radius,orbital_period,semi_major_axis,eccentricity,star_metallicity,detection_type,discovered
109 Psc b,Confirmed,5.743,1.152,1075.4,2.051,0.104,0.1,"Radial Velocity, Astrometry",2000-01-01
51 Eri Ab,Confirmed,4.1,1.11,10260.0,11.1,0.49,-0.027,Imaging,2015-01-01
51 Peg b,Confirmed,0.47,1.9,4.2308,0.052,0.0069,0.18,Radial Velocity,1995-01-01
55 Cnc Ae,Confirmed,0.02703,0.1737,0.7365478,0.015439,0.028,0.35,"Radial Velocity, Primary Transit",2004-01-01
AF Lep b,Confirmed,3.75,1.3,8875.0,8.98,0.013,0.19,Imaging,2023-01-01
BD+20 594 b,Confirmed,0.07,0.23,41.6855,0.241,0.0,-0.15,Primary Transit,2016-01-01
CoRoT-10 b,Confirmed,2.75,0.97,13.2406,0.1055,0.53,0.26,Primary Transit,2010-01-01
CoRoT-11 b,Confirmed,2.33,1.43,2.994325,0.04351,0.0,0.04,Primary Transit,2010-01-01
CoRoT-12 b,Confirmed,0.917,1.44,2.8280517,0.04016,0.07,0.16,Primary Transit,2010-01-01
CoRoT-13 b,Confirmed,1.308,0.885,4.0350906,0.051,0.0,0.01,Primary Transit,2010-01-01
CoRoT-14 b,Confirmed,7.6,1.09,1.51214,0.027,0.0,0.05,Primary Transit,2010-01-01
CoRoT-15 b,Confirmed,63.4,1.12,3.06036,0.045,0.0,0.1,Primary Transit,2010-01-01
CoRoT-16 b,Confirmed,0.535,1.17,5.35227,0.0618,0.33,0.19,Primary Transit,2010-01-01
CoRoT-17 b,Confirmed,2.43,1.02,3.768125,0.0461,0.0,0.0,Primary Transit,2010-01-01
CoRoT-18 b,Confirmed,3.47,1.31,1.90009057,0.0295,0.08,-0.1,Primary Transit,2011-01-01
CoRoT-19 b,Confirmed,1.11,1.29,3.8971372,0.0518,0.047,-0.02,Primary Transit,2011-01-01
CoRoT-1 b,Confirmed,1.03,1.49,1.50896848,0.0254,0.0,0.06,Primary Transit,2007-01-01
CoRoT-20 b,Confirmed,4.24,0.84,9.2431839,0.0902,0.562,0.14,Primary Transit,2011-01-01
CoRoT-21 b,Confirmed,2.26,1.3,2.72474,0.0417,0.0,0.0,Primary Transit,2011-01-01
CoRoT-22 b,Confirmed,0.06,0.4354,9.75598,0.092,0.077,0.17,Primary Transit,2011-01-01
CoRoT-23 b,Confirmed,2.8,1.08,3.6314,0.0477,0.16,0.05,Primary Transit,2011-01-01
CoRoT-24 b,Confirmed,0.018,0.33,5.1134,0.056,0.0,0.3,Primary Transit,2011-01-01
CoRoT-24 c,Confirmed,0.088,0.44,11.759,0.098,0.0,0.3,Primary Transit,2011-01-01
CoRoT-26 b,Confirmed,0.52,1.26,4.20474,0.0526,0.0,0.01,Primary Transit,2012-01-01
CoRoT-27 b,Confirmed,10.39,1.007,3.57532,0.0476,0.065,0.1,Primary Transit,2012-01-01
CoRoT-29 b,Confirmed,0.85,0.9,2.85057,0.039,0.082,0.2,Primary Transit,2012-01-01
CoRoT-2 Ab,Confirmed,3.31,1.465,1.7429964,0.0281,0.0,-0.04,Primary Transit,2007-01-01
CoRoT-30 b,Confirmed,2.9,1.009,9.06005,0.0844,0.007,0.02,Primary Transit,2017-01-01
CoRoT-31 b,Confirmed,0.84,1.46,4.62941,0.0586,0.02,0.0,Primary Transit,2017-01-01
CoRoT-33 b,Confirmed,59.2,1.1,5.819143,0.0579,0.07,0.44,Primary Transit,2015-01-01
CoRoT-35 b,Confirmed,1.1,1.68,3.22748,0.0429,0.0,-0.5,Primary Transit,2022-01-01
CoRoT-36 b,Confirmed,0.68,1.41,5.616531,0.066,0.0,-0.1,Primary Transit,2022-01-01
CoRoT-3 Ab,Confirmed,21.66,1.19,4.2567994,0.057,0.0,0.14,Primary Transit,2008-01-01
CoRoT-4 b,Confirmed,0.72,1.19,9.20166201,0.09,0.0,0.05,Primary Transit,2008-01-01
CoRoT-5 b,Confirmed,0.467,1.33,4.0379148,0.04947,0.09,-0.25,Primary Transit,2008-01-01
CoRoT-6 b,Confirmed,2.96,1.166,8.886593,0.0855,0.1,-0.2,Primary Transit,2009-01-01
CoRoT-7 Ab,Confirmed,0.01907,0.136,0.8535,0.0172,0.12,0.03,Primary Transit,2009-01-01
CoRoT-8 b,Confirmed,0.2158,0.5692,6.21229,0.063,0.0,0.3,Primary Transit,2010-01-01
CoRoT-9 Ab,Confirmed,0.84,0.94,95.273804,0.407,0.133,-0.01,Primary Transit,2010-01-01
EPIC 212036875 b,Confirmed,52.3,0.874,5.169885,0.0645,0.1323,-0.303,Primary Transit,2019-01-01
EPIC 219388192 Ab,Confirmed,36.0,0.846,5.292569,0.0593,0.1893,0.03,Primary Transit,2016-01-01
G 9-40 b,Confirmed,0.013,0.17,5.7459982,0.0418,0.0,0.04,Primary Transit,2019-01-01
GJ 1132 b,Confirmed,0.00522,0.1035,1.628931,0.0154,0.0,-0.12,Primary Transit,2015-01-01
GJ 1214 b,Confirmed,0.02571,0.24463,1.580404497,0.01411,0.27,0.39,Primary Transit,2009-01-01
GJ 1245 Ab,Confirmed,33.5,0.87,6147.0,1.93,0.334,-0.07,Imaging,1988-01-01
GJ 143 b,Confirmed,0.0714,0.2329,35.61253,0.1932,0.188,0.003,Primary Transit,2018-01-01
GJ 3090 b,Confirmed,0.01051,0.19,2.8531054,0.03165,0.18,-0.06,Primary Transit,2022-01-01
GJ 3470 b,Confirmed,0.0437,0.38826,3.336649,0.03557,0.019,0.2,Primary Transit,2012-01-01
GJ 3473 Ab,Confirmed,0.00585,0.11277,1.1980035,0.01589,0.0,0.11,Primary Transit,2020-01-01
GJ 357 b,Confirmed,0.006566,0.10411,3.93086,0.033,0.047,-0.12,Primary Transit,2019-01-01
GJ 367  b,Confirmed,0.001718,0.0526,0.3219225,0.0069,0.1,-0.01,Primary Transit,2021-01-01
GJ 436 b,Confirmed,0.05836,0.32519,2.64394,0.02887,0.1912,-0.32,Radial Velocity,2004-01-01
GJ 486 b,Confirmed,0.00887,0.11643,1.467119,0.01734,0.05,0.07,Primary Transit,2021-01-01
GJ 9827 b,Confirmed,0.01532,0.13641,1.2089765,0.01866,0.0,-0.28,Primary Transit,2017-01-01
GJ 9827 d,Confirmed,0.01076,0.17441,6.20183,0.0555,0.0,-0.28,Primary Transit,2017-01-01
GPX-1 b,Confirmed,19.7,1.47,1.744579,0.0338,0.0,0.35,Primary Transit,2020-01-01
HAT-P-10 Ab,Confirmed,0.46,1.045,3.722469,0.0439,0.0,0.13,Primary Transit,2008-01-01
HAT-P-11 b,Confirmed,0.0736,0.389,4.887802443,0.053,0.265,0.31,Primary Transit,2009-01-01
HAT-P-12 b,Confirmed,0.210489884529,0.949,3.2130598,0.0384,0.0,-0.29,Primary Transit,2009-01-01
HAT-P-13 b,Confirmed,0.9,1.44,2.916415,0.045,0.0142,0.43,Primary Transit,2009-01-01
HAT-P-14 Ab,Confirmed,2.444,1.01,4.627686,0.0606,0.095,0.11,Primary Transit,2010-01-01
HAT-P-15 b,Confirmed,1.946,1.072,10.863502,0.0964,0.19,0.22,Primary Transit,2010-01-01
HAT-P-16 Ab,Confirmed,4.193,1.289,2.77596,0.0413,0.036,0.17,Primary Transit,2010-01-01
HAT-P-17 b,Confirmed,0.571,0.98,10.3385308,0.0828,0.346,0.0,Primary Transit,2010-01-01
HAT-P-18 Ab,Confirmed,0.183,0.947,5.508029,0.0559,0.106,0.1,Primary Transit,2010-01-01
HAT-P-19 b,Confirmed,0.292,1.132,4.008784,0.0466,0.067,0.23,Primary Transit,2010-01-01
HAT-P-1 Bb,Confirmed,0.525,1.319,4.46529976,0.05561,0.067,0.13,Primary Transit,2006-01-01
HAT-P-20 Ab,Confirmed,7.246,0.867,2.875317,0.0361,0.015,0.35,Primary Transit,2010-01-01
HAT-P-21 b,Confirmed,4.063,1.024,4.124461,0.0494,0.228,0.01,Primary Transit,2010-01-01
HAT-P-22 Ab,Confirmed,2.147,1.08,3.21222,0.0414,0.016,0.24,Primary Transit,2010-01-01
HAT-P-23 b,Confirmed,2.09,1.368,1.212884,0.0232,0.106,0.16,Primary Transit,2010-01-01
HAT-P-24 Ab,Confirmed,0.685,1.242,3.35524,0.0465,0.067,-0.16,Primary Transit,2010-01-01
HAT-P-25 b,Confirmed,0.567,1.19,3.652836,0.0466,0.032,0.31,Primary Transit,2010-01-01
HAT-P-26 b,Confirmed,0.0585,0.57,4.234502,0.0479,0.124,-0.04,Primary Transit,2010-01-01
HAT-P-27 Ab,Confirmed,0.66,1.055,3.0395803,0.0403,0.078,0.29,Primary Transit,2011-01-01
HAT-P-28 b,Confirmed,0.626,1.212,3.257215,0.0434,0.051,0.12,Primary Transit,2011-01-01
HAT-P-29 b,Confirmed,0.778,1.107,5.723186,0.0667,0.095,0.21,Primary Transit,2011-01-01
HAT-P-2 b,Confirmed,8.74,0.951,5.6334729,0.0674,0.5171,0.04,Primary Transit,2007-01-01
HAT-P-30 Ab,Confirmed,0.723,1.41,2.81060078,0.0412,0.035,-0.08,Primary Transit,2011-01-01
HAT-P-31 b,Confirmed,2.171,1.07,5.005425,0.055,0.245,0.15,Primary Transit,2011-01-01
HAT-P-32 Ab,Confirmed,0.75,1.789,2.15000825,0.03427,0.044,-0.16,Primary Transit,2011-01-01
HAT-P-33 Ab,Confirmed,0.763,1.827,3.474474,0.0503,0.148,0.05,Primary Transit,2011-01-01
HAT-P-34 b,Confirmed,3.64,1.142,5.4526482,0.0861,0.441,0.08,Primary Transit,2012-01-01
HAT-P-35 Ab,Confirmed,1.054,1.332,3.646706,0.0498,0.025,0.11,Primary Transit,2012-01-01
HAT-P-36 b,Confirmed,1.832,1.264,1.327347,0.0238,0.063,0.26,Primary Transit,2012-01-01
HAT-P-37 b,Confirmed,1.169,1.178,2.797436,0.0379,0.058,0.03,Primary Transit,2012-01-01
HAT-P-38 b,Confirmed,0.267,0.825,4.640382,0.0523,0.067,0.06,Primary Transit,2012-01-01
HAT-P-3 Ab,Confirmed,0.591,0.827,2.899703,0.03866,0.0,0.41,Primary Transit,2007-01-01
HAT-P-42 b,Confirmed,0.975,1.277,4.641876,0.0575,0.0,0.27,Primary Transit,2012-01-01
HAT-P-43 b,Confirmed,0.66,1.283,3.332688,0.0443,0.0,0.23,Primary Transit,2012-01-01
HAT-P-44 Bb,Confirmed,0.392,1.28,4.301217,0.0507,0.072,0.33,Primary Transit,2013-01-01
HAT-P-45 b,Confirmed,0.892,1.426,3.128992,0.0452,0.049,0.07,Primary Transit,2013-01-01
HAT-P-46 b,Confirmed,0.493,1.284,4.463129,0.0577,0.123,0.3,Primary Transit,2013-01-01
HAT-P-47 b,Confirmed,0.206,1.313,4.732182,0.0615,0.0,0.0,Primary Transit,2016-01-01
HAT-P-48 b,Confirmed,0.168,1.131,4.40865,0.0543,0.0,0.02,Primary Transit,2016-01-01
HAT-P-49 b,Confirmed,1.73,1.448,2.6915575,0.0412,0.0,0.074,Primary Transit,2014-01-01
HAT-P-4 b,Confirmed,0.68,1.27,3.0565114,0.0446,0.0,0.2,Primary Transit,2007-01-01
HAT-P-50 b,Confirmed,1.36,1.288,3.1220109,0.0453,0.115,-0.18,Primary Transit,2015-01-01
HAT-P-51 Ab,Confirmed,0.309,1.293,4.2180278,0.05069,0.123,0.27,Primary Transit,2015-01-01
HAT-P-52 b,Confirmed,0.819,1.009,2.7535953,0.03694,0.047,0.28,Primary Transit,2015-01-01
HAT-P-53 b,Confirmed,1.487,1.318,1.9616241,0.03159,0.134,0.0,Primary Transit,2015-01-01
HAT-P-54 b,Confirmed,0.76,0.944,3.799847,0.04117,0.074,-0.127,Primary Transit,2014-01-01
HAT-P-55 b,Confirmed,0.582,1.182,3.5852467,0.04604,0.139,-0.03,Primary Transit,2015-01-01
HAT-P-56 b,Confirmed,2.31,1.51,2.79083,0.0423,0.246,0.0,Primary Transit,2015-01-01
HAT-P-57 Ab,Confirmed,1.85,1.413,2.465295,0.0406,0.0,-0.25,Primary Transit,2015-01-01
HAT-P-58 b,Confirmed,0.372,1.332,4.013837,0.04994,0.073,0.12,Primary Transit,2020-01-01
HAT-P-59 b,Confirmed,1.54,1.123,4.1419771,0.05064,0.03,0.217,Primary Transit,2020-01-01
HAT-P-5 b,Confirmed,1.06,1.252,2.788491,0.04079,0.0,0.24,Primary Transit,2007-01-01
HAT-P-60 b,Confirmed,0.574,1.631,4.7947813,0.06277,0.25,0.037,Primary Transit,2020-01-01
HAT-P-62 b,Confirmed,0.761,1.073,2.6453235,0.03772,0.1,0.414,Primary Transit,2020-01-01
HAT-P-63 b,Confirmed,0.614,1.119,3.377728,0.04294,0.069,0.251,Primary Transit,2020-01-01
HAT-P-65 b,Confirmed,0.527,1.89,2.6054552,0.03951,0.3,0.1,Primary Transit,2016-01-01
HAT-P-66 b,Confirmed,0.783,1.59,2.972086,0.04363,0.0,0.035,Primary Transit,2016-01-01
HAT-P-67 Ab,Confirmed,0.34,2.085,4.8101088,0.06505,0.24,-0.08,Primary Transit,2017-01-01
HAT-P-68 b,Confirmed,0.724,1.072,2.29840551,0.02996,0.041,-0.06,Primary Transit,2020-01-01
HAT-P-69 b,Confirmed,3.58,1.676,4.7869491,0.06555,0.0,-0.061,Primary Transit,2019-01-01
HAT-P-6 b,Confirmed,1.11,1.275,3.8529972,0.0494,0.0,-0.13,Primary Transit,2007-01-01
HAT-P-70 b,Confirmed,6.78,1.87,2.74432452,0.04739,0.0,-0.059,Primary Transit,2019-01-01
HAT-P-7 Ab,Confirmed,1.79,1.51,2.20473825,0.039,0.0,0.13,Primary Transit,2008-01-01
HAT-P-8 Ab,Confirmed,1.35,1.42,3.076318,0.0473,0.0,0.048,Primary Transit,2008-01-01
HAT-P-9 b,Confirmed,0.67,1.4,3.922814,0.053,0.0,0.12,Primary Transit,2008-01-01
HATS-10 b,Confirmed,0.526,0.969,3.312846,0.0449,0.5,0.15,Primary Transit,2015-01-01
HATS-11 b,Confirmed,0.85,1.609,3.619188,0.0507,0.34,0.03,Primary Transit,2016-01-01
HATS-12 b,Confirmed,2.38,0.692,3.142702,0.0441,0.085,-0.1,Primary Transit,2016-01-01
HATS-13 b,Confirmed,0.543,1.212,3.0440499,0.04057,0.18,0.05,Primary Transit,2015-01-01
HATS-14 b,Confirmed,1.071,1.039,2.7667641,0.03815,0.142,0.33,Primary Transit,2015-01-01
HATS-15 b,Confirmed,2.17,1.105,1.74748753,0.02712,0.0,0.0,Primary Transit,2014-01-01
HATS-16 b,Confirmed,3.27,1.3,2.686502,0.03744,0.0,0.1,Primary Transit,2015-01-01
HATS-17 b,Confirmed,1.338,0.777,16.254611,0.1308,0.029,0.3,Primary Transit,2016-01-01
HATS-18 b,Confirmed,1.98,1.337,0.8378434,0.01761,0.166,0.28,Primary Transit,2016-01-01
HATS-19 b,Confirmed,0.427,1.66,4.569673,0.0589,0.3,0.24,Primary Transit,2016-01-01
HATS-1 Ab,Confirmed,1.855,1.302,3.446459,0.0444,0.12,-0.06,Primary Transit,2012-01-01
HATS-20 b,Confirmed,0.273,0.776,3.7992969,0.04619,0.5,0.03,Primary Transit,2016-01-01
HATS-21 b,Confirmed,0.332,1.123,3.5543973,0.04676,0.0,0.3,Primary Transit,2016-01-01
HATS-22 b,Confirmed,2.74,0.953,4.7228124,0.05025,0.079,0.0,Primary Transit,2016-01-01
HATS-23 b,Confirmed,1.47,1.86,2.1605156,0.03397,0.114,0.28,Primary Transit,2015-01-01
HATS-24 b,Confirmed,2.44,1.487,1.3484954,0.02547,0.24,0.0,Primary Transit,2016-01-01
HATS-25 b,Confirmed,0.613,1.26,4.2986432,0.05163,0.088,0.02,Primary Transit,2016-01-01
HATS-26 b,Confirmed,0.65,1.75,3.3023881,0.04735,0.122,-0.02,Primary Transit,2016-01-01
HATS-27 b,Confirmed,0.53,1.5,4.637038,0.0611,0.29,0.09,Primary Transit,2016-01-01
HATS-28 b,Confirmed,0.672,1.194,3.1810781,0.04131,0.101,0.01,Primary Transit,2016-01-01
HATS-29 b,Confirmed,0.653,1.251,4.6058749,0.05475,0.079,0.16,Primary Transit,2016-01-01
HATS-2 b,Confirmed,1.345,1.168,1.354133,0.023,0.0,0.15,Primary Transit,2013-01-01
HATS-30 Ab,Confirmed,0.706,1.175,3.1743516,0.04354,0.048,0.06,Primary Transit,2016-01-01
HATS-31 b,Confirmed,0.88,1.64,3.37796,0.0478,0.233,0.0,Primary Transit,2016-01-01
HATS-32 b,Confirmed,0.92,1.249,2.8126548,0.04024,0.471,0.39,Primary Transit,2016-01-01
HATS-33 b,Confirmed,1.192,1.23,2.5495551,0.03727,0.08,0.29,Primary Transit,2016-01-01
HATS-34 b,Confirmed,0.941,1.43,2.1061607,0.03166,0.0,0.25,Primary Transit,2016-01-01
HATS-35 b,Confirmed,1.222,1.464,1.8209933,0.03199,0.0,0.21,Primary Transit,2016-01-01
HATS-36 b,Confirmed,2.79,1.153,4.175186,0.0523,0.294,0.15,Primary Transit,2018-01-01
HATS-37 Ab,Confirmed,0.099,0.606,4.3315366,0.04913,0.345,0.051,Primary Transit,2020-01-01
HATS-38 b,Confirmed,0.074,0.614,4.375021,0.05036,0.122,-0.102,Primary Transit,2020-01-01
HATS-39 b,Confirmed,0.63,1.57,4.5776348,0.06,0.275,0.0,Primary Transit,2018-01-01
HATS-40 b,Confirmed,1.59,1.58,3.2642736,0.04997,0.312,0.01,Primary Transit,2018-01-01
HATS-41 b,Confirmed,9.7,1.33,4.193649,0.0583,0.38,0.47,Primary Transit,2018-01-01
HATS-42 b,Confirmed,1.88,1.4,2.292102,0.03689,0.229,0.22,Primary Transit,2018-01-01
HATS-43 b,Confirmed,0.261,1.18,4.3888497,0.04944,0.173,0.05,Primary Transit,2017-01-01
HATS-44 b,Confirmed,0.56,1.067,2.7439004,0.03649,0.279,0.32,Primary Transit,2017-01-01
HATS-45 b,Confirmed,0.7,1.286,4.1876244,0.05511,0.24,0.02,Primary Transit,2017-01-01
HATS-46 b,Confirmed,0.173,0.903,4.7423729,0.05367,0.559,-0.06,Primary Transit,2017-01-01
HATS-47 b,Confirmed,0.369,1.117,3.9228038,0.04269,0.088,-0.113,Primary Transit,2020-01-01
HATS-48 Ab,Confirmed,0.243,0.8,3.1316666,0.03769,0.162,0.186,Primary Transit,2020-01-01
HATS-49 b,Confirmed,0.353,0.765,4.1480467,0.04515,0.071,0.208,Primary Transit,2020-01-01
HATS-4 b,Confirmed,1.323,1.02,2.516729,0.0362,0.013,0.43,Primary Transit,2014-01-01
HATS-50 b,Confirmed,0.39,1.13,3.8297015,0.05046,0.516,0.3,Primary Transit,2017-01-01
HATS-51 b,Confirmed,0.768,1.41,3.3488702,0.04639,0.33,0.3,Primary Transit,2017-01-01
HATS-52 b,Confirmed,2.24,1.382,1.3665436,0.02498,0.246,0.22,Primary Transit,2017-01-01
HATS-53 b,Confirmed,0.595,1.34,3.8537768,0.04753,0.33,0.01,Primary Transit,2017-01-01
HATS-54 b,Confirmed,0.753,1.015,2.5441765,0.037,0.126,0.37,Primary Transit,2018-01-01
HATS-56 b,Confirmed,0.602,1.688,4.324799,0.06043,0.019,0.19,Primary Transit,2018-01-01
HATS-57 Ab,Confirmed,3.147,1.13,2.350621,0.03493,0.028,0.258,Primary Transit,2018-01-01
HATS-59 b,Confirmed,0.806,1.126,5.416081,0.06112,0.129,0.18,Primary Transit,2018-01-01
HATS-5 b,Confirmed,0.237,0.912,4.763387,0.0542,0.019,0.19,Primary Transit,2014-01-01
HATS-60 b,Confirmed,0.662,1.153,3.560829,0.04708,0.191,0.334,Primary Transit,2018-01-01
HATS-61 b,Confirmed,3.4,1.195,7.817953,0.07908,0.092,0.241,Primary Transit,2018-01-01
HATS-62 b,Confirmed,0.179,1.055,3.2768837,0.04163,0.298,0.14,Primary Transit,2018-01-01
HATS-63 b,Confirmed,0.96,1.207,3.0566527,0.04026,0.136,0.08,Primary Transit,2018-01-01
HATS-64 b,Confirmed,0.96,1.679,4.908897,0.06562,0.151,0.208,Primary Transit,2018-01-01
HATS-65 Ab,Confirmed,0.821,1.501,3.105161,0.04497,0.062,0.233,Primary Transit,2018-01-01
HATS-66 b,Confirmed,5.33,1.411,3.1414391,0.04714,0.064,-0.034,Primary Transit,2018-01-01
HATS-67 b,Confirmed,1.45,1.685,1.6091788,0.03032,0.057,0.34,Primary Transit,2018-01-01
HATS-68 b,Confirmed,1.29,1.2321,3.5862202,0.05071,0.036,0.163,Primary Transit,2018-01-01
HATS-69 b,Confirmed,0.577,0.945,2.2252577,0.03211,0.519,0.377,Primary Transit,2018-01-01
HATS-70 b,Confirmed,12.9,1.384,1.8882378,0.03632,0.18,0.04,Primary Transit,2018-01-01
HATS-72 b,Confirmed,0.1254,0.7224,7.3279474,0.066517,0.013,0.099,Primary Transit,2020-01-01
HATS-74 Ab,Confirmed,1.46,1.032,1.73185606,0.02384,0.044,0.514,Primary Transit,2021-01-01
HATS-75 b,Confirmed,0.491,0.884,2.7886556,0.032742,0.064,0.522,Primary Transit,2021-01-01
HATS-76 b,Confirmed,2.629,1.079,1.9416423,0.02658,0.062,0.322,Primary Transit,2021-01-01
HATS-77 b,Confirmed,1.374,1.165,3.0876262,0.03607,0.045,0.253,Primary Transit,2021-01-01
HATS-7 b,Confirmed,0.12,0.563,3.185315,0.04012,0.0,0.25,Primary Transit,2015-01-01
HATS-8 b,Confirmed,0.138,0.873,3.583893,0.04667,0.38,0.21,Primary Transit,2015-01-01
HATS-9 b,Confirmed,0.839,1.236,1.915291,0.0312,0.129,0.38,Primary Transit,2015-01-01
HD 106315 b,Confirmed,0.033,0.214,9.55288,0.0907,0.093,-0.311,Primary Transit,2017-01-01
HD 106315 c,Confirmed,0.038,0.3908,21.05652,0.1536,0.22,-0.311,Primary Transit,2017-01-01
HD 114082 b,Confirmed,8.0,1.0,109.75,0.5109,0.395,0.0,Primary Transit,2022-01-01
HD 118203 b,Confirmed,2.17,1.14,6.13499,0.07082,0.31,0.27,Radial Velocity,2005-01-01
HD 1397 b,Confirmed,0.415,1.026,11.53533,0.1097,0.251,0.27,Primary Transit,2018-01-01
HD 149026 b,Confirmed,0.28,0.74,2.8758916,0.041,0.013,0.36,"Primary Transit, Radial Velocity",2005-01-01
HD 152843 b,Confirmed,0.0309,0.2721,11.6264,0.1049,0.046,-0.16,Primary Transit,2021-01-01
HD 152843 c,Confirmed,0.03043,0.5299,27.13,0.148,0.074,-0.16,Primary Transit,2021-01-01
HD 17156 b,Confirmed,3.195,1.095,21.2163979,0.1623,0.6768,0.24,Primary Transit,2007-01-01
HD 183579 b,Confirmed,0.0302,0.3149,17.471278,0.1334,0.28,-0.023,Primary Transit,2021-01-01
HD 189733 Ab,Confirmed,1.138,1.138,2.219,0.031,0.0,-0.03,Primary Transit,2005-01-01
HD 190406  b,Confirmed,73.4,1.0,23020.91,16.6,0.468,0.07,"Imaging, Astrometry",2002-01-01
HD 190622 b,Confirmed,0.0242,0.27541,15.507612,0.1236,0.055,-0.185,Primary Transit,2023-01-01
HD 191939 b,Confirmed,0.031,0.303,8.88029,0.078,0.0,-0.16,Primary Transit,2020-01-01
HD 191939 c,Confirmed,0.0227,0.2748,28.5805,0.17,0.0,-0.16,Primary Transit,2020-01-01
HD 191939 d,Confirmed,0.0182,0.2712,38.3525,0.207,0.0,-0.16,Primary Transit,2020-01-01
HD 202772 Ab,Confirmed,1.008,1.562,3.30896,0.0519,0.047,0.29,Primary Transit,2018-01-01
HD 20329 b,Confirmed,0.02335,0.1534,0.926118,0.018,0.0,-0.07,Primary Transit,2022-01-01
HD 207496 Ab,Confirmed,0.0192,0.2007,6.441008,0.0629,0.23,0.095,Primary Transit,2023-01-01
HD 207897 b,Confirmed,0.05,0.22348,16.202157,0.1164,0.047,-0.04,Primary Transit,2021-01-01
HD 209458 b,Confirmed,0.69,1.38,3.52472,0.04747,0.0082,0.02,Radial Velocity,1999-01-01
HD 213885 Ab,Confirmed,0.02778,0.15568,1.008035,0.02012,0.0,-0.04,Primary Transit,2019-01-01
HD 21520 b,Confirmed,0.0249,0.24061,25.1292,0.1726,0.0,0.049,Primary Transit,2024-01-01
HD 219134 b,Confirmed,0.01343,0.134,3.093292,0.037,0.0,0.11,Primary Transit,2015-01-01
HD 219134 c,Confirmed,0.01246,0.12624,6.765159,0.062,0.0,0.11,Radial Velocity,2015-01-01
HD 219666 b,Confirmed,0.0522,0.4202,6.03607,0.06356,0.0,0.04,Primary Transit,2018-01-01
HD 221416 b,Confirmed,0.1904,0.836,14.2767,0.1228,0.115,-0.08,Primary Transit,2019-01-01
HD 22946 b,Confirmed,0.00821,0.12151,4.040295,0.05727,0.126,-0.05,Primary Transit,2022-01-01
HD 22946 c,Confirmed,0.0208,0.20769,9.573083,0.1017,0.16,-0.05,Primary Transit,2022-01-01
HD 260655 b,Confirmed,0.00673,0.1106,2.76953,0.02933,0.039,-0.43,Primary Transit,2022-01-01
HD 260655 c,Confirmed,0.00972,0.13677,5.70588,0.04749,0.038,-0.43,Primary Transit,2022-01-01
HD 2685 b,Confirmed,1.18,1.44,4.12692,0.0568,0.0,0.02,Primary Transit,2018-01-01
HD 3167 c,Confirmed,0.0308,0.255,29.83832,0.1841,0.267,-0.02,Primary Transit,2016-01-01
HD 332231 b,Confirmed,0.244,0.867,18.71204,0.1436,0.032,0.036,Primary Transit,2020-01-01
HD 33632 Ab,Confirmed,51.7,0.97,35429.0,24.1,0.09,-0.22,Imaging,2020-01-01
HD 4113 Ac,Confirmed,51.913,1.45,127225.5,50.438,0.648,0.235,"Imaging, Radial Velocity, Astrometry",2018-01-01
HD 5278 Ab,Confirmed,0.0245,0.2186,14.33902,0.12,0.08,-0.12,Primary Transit,2021-01-01
HD 63935 b,Confirmed,0.033,0.2668,9.058807,0.083,0.0,0.07,Primary Transit,2021-01-01
HD 63935 c,Confirmed,0.0349,0.259,21.4027,0.148,0.0,0.07,Primary Transit,2021-01-01
HD 73583 Ab,Confirmed,0.0321,0.2489,6.398042,0.0604,0.105,0.0,Primary Transit,2021-01-01
HD 73583 Ac,Confirmed,0.0302,0.2436,18.8805,0.1233,0.093,0.0,Primary Transit,2021-01-01
HD 80606 b,Confirmed,4.1641,1.032,111.436765,0.4603,0.93183,0.43,Radial Velocity,2001-01-01
HD 83342 b,Confirmed,0.4012,0.869,45.522149,0.2652,0.48,-0.1,Primary Transit,2024-01-01
HD 86226 c,Confirmed,0.02281,0.1927,3.98442,0.049,0.075,-0.04,Primary Transit,2020-01-01
HD 88986   b,Confirmed,0.0541,0.2221,146.05,0.58,0.24,0.06,Radial Velocity,2023-01-01
HD 89345 b,Confirmed,0.1073,0.642,11.81469,0.105,0.203,0.45,Primary Transit,2018-01-01
HD 95338 b,Confirmed,0.12406,0.3551,55.086,0.231,0.199,0.04,Primary Transit,2020-01-01
HD 97334 C,Confirmed,47.7,1.037,5712.25,2.85,0.106,0.11,Imaging,2002-01-01
HD 97658 b,Confirmed,0.02457,0.20047,9.489295,0.08,0.03,-0.23,Primary Transit,2010-01-01
HIP 113103 b,Confirmed,0.0186,0.16317,7.610303,0.06899,0.17,-0.1,Primary Transit,2023-01-01
HIP 113103 c,Confirmed,0.0264,0.2141,14.245648,0.10479,0.17,-0.1,Primary Transit,2023-01-01
HIP 116454 Ab,Confirmed,0.0372,0.226,9.1265,0.098,0.205,-0.16,Primary Transit,2014-01-01
HIP 41378 f,Confirmed,0.038,0.821,542.07975,1.37,0.004,-0.11,Primary Transit,2016-01-01
HIP 65 Ab,Confirmed,3.213,2.03,0.9809734,0.01782,0.0,0.18,Primary Transit,2020-01-01
HIP 94235 Ab,Confirmed,1.192,0.2862,7.712121,0.0787,0.32,0.0,Primary Transit,2022-01-01
HIP 97166 b,Confirmed,0.063,0.2444,10.28891,0.089,0.16,0.27,Primary Transit,2021-01-01
HR 8799 b,Confirmed,7.0,1.2,164250.0,68.0,0.0,-0.47,Imaging,2008-01-01
HR 8799 c,Confirmed,8.3,1.3,82145.0,42.9,0.0,-0.47,Imaging,2008-01-01
HR 8799 d,Confirmed,8.3,1.2,41054.0,27.0,0.1,-0.47,Imaging,2008-01-01
HR 8799 e,Confirmed,9.6,1.17,18000.0,16.4,0.15,-0.47,Imaging,2010-01-01
K2-106 b,Confirmed,0.0245,0.14952,0.5713127,0.01314,0.0,0.13,Primary Transit,2016-01-01
K2-106 c,Confirmed,0.018,0.2534,13.339079,0.1091,0.18,0.13,Primary Transit,2016-01-01
K2-108 b,Confirmed,0.187,0.476,4.733999,0.0581,0.18,0.36,Primary Transit,2017-01-01
K2-110 b,Confirmed,0.0525,0.228,13.86387,0.1027,0.079,-0.21,Primary Transit,2017-01-01
K2-111 b,Confirmed,0.01664,0.162,5.3518,0.057,0.13,-0.46,Primary Transit,2017-01-01
K2-113 b,Confirmed,1.28,1.083,5.817685,0.0642,0.0,0.27,Primary Transit,2017-01-01
K2-114 b,Confirmed,1.85,0.952,11.391013,0.0954,0.0,0.39,Primary Transit,2017-01-01
K2-115 b,Confirmed,0.84,1.115,20.273034,0.1367,0.137,-0.1,Primary Transit,2017-01-01
K2-124 b,Confirmed,0.033,0.259,6.413651,0.049,0.08,0.023,Primary Transit,2017-01-01
K2-132 b,Confirmed,0.49,1.3,9.1751,0.0916,0.29,-0.01,Primary Transit,2017-01-01
K2-137 b,Confirmed,0.5,0.079,0.179715,0.0058,0.0,0.08,Primary Transit,2017-01-01
K2-138 b,Confirmed,0.0098,0.14,2.35322,0.0338,0.403,0.16,Primary Transit,2017-01-01
K2-138 c,Confirmed,0.0198,0.225,3.55987,0.04454,0.296,0.16,Primary Transit,2017-01-01
K2-138 d,Confirmed,0.0249,0.237,5.40478,0.05883,0.348,0.16,Primary Transit,2017-01-01
K2-138 e,Confirmed,0.0409,0.294,8.26144,0.07807,0.315,0.16,Primary Transit,2017-01-01
K2-138 f,Confirmed,0.005,0.251,12.75759,0.1043,0.364,0.16,Primary Transit,2017-01-01
K2-138 g,Confirmed,0.0135,0.2688,41.96797,0.231,0.059,0.16,Primary Transit,2018-01-01
K2-139 b,Confirmed,0.381,0.813,28.380619,0.1796,0.0,0.24,Primary Transit,2017-01-01
K2-140 b,Confirmed,0.93,1.093,6.56918,0.0687,0.12,0.13,Primary Transit,2017-01-01
K2-146 b,Confirmed,0.01816,0.183,2.6446,0.027,0.129,-0.02,Primary Transit,2018-01-01
K2-146 c,Confirmed,0.02358,0.195,4.00498,0.034,0.075,-0.02,Primary Transit,2019-01-01
K2-182 b,Confirmed,0.063,0.24,4.7369683,0.0526,0.04,0.09,Primary Transit,2018-01-01
K2-18 b,Confirmed,0.02807,0.211,32.939623,0.1429,0.2,0.12,Primary Transit,2015-01-01
K2-199 b,Confirmed,0.0217,0.1543,3.2253993,0.0382,0.02,-0.11,Primary Transit,2018-01-01
K2-199 c,Confirmed,0.039,0.2543,7.3744897,0.0662,0.03,-0.11,Primary Transit,2018-01-01
K2-19 b,Confirmed,0.1019,0.691,7.9194,0.074,0.2,0.1,Primary Transit,2015-01-01
K2-19 c,Confirmed,0.034,0.434,11.90715,0.0971,0.21,0.1,Primary Transit,2015-01-01
K2-216 b,Confirmed,0.02517,0.156,2.1748,0.028,0.0,0.0,Primary Transit,2018-01-01
K2-21 b,Confirmed,0.00623,0.164,9.00315,0.076,0.1,-0.11,Primary Transit,2015-01-01
K2-21 c,Confirmed,0.01561,0.222,15.0,0.107,0.21,-0.11,Primary Transit,2015-01-01
K2-222 b,Confirmed,0.0179,0.215,15.3863,0.1211,0.16,-0.21,Primary Transit,2018-01-01
K2-229 b,Confirmed,0.00815,0.102,0.58426,0.0131,0.0,-0.09,Primary Transit,2018-01-01
K2-229 c,Confirmed,0.067,0.181,8.32727,0.0769,0.0,-0.09,Primary Transit,2018-01-01
K2-229 d,Confirmed,0.079,0.2364,31.0,0.182,0.39,-0.09,Primary Transit,2018-01-01
K2-232 Ab,Confirmed,0.398,1.0,11.168454,0.10356,0.258,0.1,Primary Transit,2018-01-01
K2-233 b,Confirmed,0.0104,0.125,2.46746,0.03317,0.0,0.07,Primary Transit,2018-01-01
K2-233 d,Confirmed,0.0261,0.236,24.3662,0.1527,0.0,0.07,Primary Transit,2018-01-01
K2-236 b,Confirmed,0.085,0.514,19.49221,0.1493,0.0,0.1,Primary Transit,2018-01-01
K2-237 b,Confirmed,1.236,1.642,2.1805577,0.0353,0.0,0.0,Primary Transit,2018-01-01
K2-238 b,Confirmed,0.86,1.3,3.20466,0.046,0.0,0.34,Primary Transit,2018-01-01
K2-24 b,Confirmed,0.05978,0.50299,20.88257,0.1673,0.06,0.41,Primary Transit,2016-01-01
K2-24 c,Confirmed,0.0516,0.7075,42.34732,0.262,0.0282,0.41,Primary Transit,2016-01-01
K2-260 Ab,Confirmed,1.42,1.552,2.6266657,0.0404,0.0,-0.14,Primary Transit,2018-01-01
K2-261 b,Confirmed,0.223,0.85,11.63344,0.102,0.42,0.36,Primary Transit,2018-01-01
K2-265 Ab,Confirmed,0.02058,0.153,2.369172,0.03376,0.084,0.078,Primary Transit,2018-01-01
K2-266 Ac,Confirmed,0.00091,0.063,7.814,0.0679,0.042,-0.12,Primary Transit,2018-01-01
K2-266 Ad,Confirmed,0.028,0.261,14.697,0.1035,0.047,-0.12,Primary Transit,2018-01-01
K2-266 Ae,Confirmed,0.04499,0.244,19.482,0.1249,0.043,-0.12,Primary Transit,2018-01-01
K2-27 Bb,Confirmed,0.09722,0.4,6.771315,0.06702,0.251,0.13,Primary Transit,2016-01-01
K2-280 b,Confirmed,0.1167,0.684,19.895202,0.1488,0.35,0.3,Primary Transit,2018-01-01
K2-285 b,Confirmed,0.03046,0.231,3.471745,0.03817,0.0,0.0,Primary Transit,2018-01-01
K2-285 c,Confirmed,0.04933,0.315,7.138048,0.0824,0.0,0.0,Primary Transit,2018-01-01
K2-285 d,Confirmed,0.02045,0.221,10.45582,0.1178,0.0,0.0,Primary Transit,2018-01-01
K2-285 e,Confirmed,0.03367,0.174,14.76289,0.18041,0.0,0.0,Primary Transit,2018-01-01
K2-287 b,Confirmed,0.315,0.833,14.893291,0.1206,0.478,0.2,Primary Transit,2018-01-01
K2-290 Ab,Confirmed,0.0343,0.273,9.21165,0.0923,0.0,-0.06,Primary Transit,2019-01-01
K2-290 Ac,Confirmed,0.774,1.006,48.36685,0.305,0.0,-0.06,Primary Transit,2019-01-01
K2-291 b,Confirmed,0.02042,0.142,2.225177,0.03261,0.0,0.08,Primary Transit,2019-01-01
K2-292 b,Confirmed,0.07709,0.235,16.9841,0.13,0.04,0.07,Primary Transit,2019-01-01
K2-295 b,Confirmed,0.335,0.897,4.024867,0.0451,0.0,0.14,Primary Transit,2018-01-01
K2-29 Ab,Confirmed,0.73,1.19,3.2588321,0.04217,0.066,0.2829,Primary Transit,2016-01-01
K2-30 b,Confirmed,0.579,1.039,4.098503,0.04839,0.0,-0.15,Primary Transit,2016-01-01
K2-310 b,Confirmed,0.02907,0.231,13.603,0.098,0.2,-0.137,Primary Transit,2019-01-01
K2-314 b,Confirmed,0.02753,0.174,3.5951,0.047,0.06,0.2,Primary Transit,2020-01-01
K2-314 c,Confirmed,0.04616,0.3274,15.624,0.13,0.07,0.2,Primary Transit,2020-01-01
K2-314 d,Confirmed,0.03203,0.3515,35.747,0.22,0.15,0.2,Primary Transit,2020-01-01
K2-31 Ab,Confirmed,1.774,1.06,1.25785,0.022,0.0,0.15,Primary Transit,2016-01-01
K2-329 Ab,Confirmed,0.26,0.774,12.4551225,0.1016,0.0697,0.098,Primary Transit,2020-01-01
K2-32 Ab,Confirmed,0.047,0.443,8.991828,0.08035,0.03,0.0,Primary Transit,2016-01-01
K2-32 Ac,Confirmed,0.0255,0.244,20.66186,0.1399,0.049,0.0,Primary Transit,2016-01-01
K2-32 Ad,Confirmed,0.0211,0.292,31.7142,0.1862,0.05,0.0,Primary Transit,2016-01-01
K2-32 Ae,Confirmed,0.0066,0.09,4.34882,0.04951,0.043,0.0,Primary Transit,2019-01-01
K2-34 b,Confirmed,1.78,1.245,2.995633,0.0426,0.0,0.03,Primary Transit,2016-01-01
K2-36 Bb,Confirmed,0.01227,0.128,1.422614,0.0223,0.0,-0.047,Primary Transit,2016-01-01
K2-36 Bc,Confirmed,0.02454,0.2783,5.3410507,0.054,0.0,-0.047,Primary Transit,2016-01-01
K2-370 b,Confirmed,0.0349,0.2248,2.1408091,0.0321,0.31,0.018,Primary Transit,2022-01-01
K2-38 b,Confirmed,0.06,0.17,4.01593,0.04994,0.197,0.235,Primary Transit,2016-01-01
K2-38 c,Confirmed,0.03115,0.216,10.56103,0.0964,0.161,0.235,Primary Transit,2016-01-01
K2-39 b,Confirmed,0.09,0.56,4.60543,0.062,0.0,0.32,Primary Transit,2016-01-01
K2-3 b,Confirmed,0.02039,0.194,10.054626,0.0775,0.0,-0.32,Primary Transit,2015-01-01
K2-3 c,Confirmed,0.00673,0.165,24.646582,0.1405,0.0,-0.32,Primary Transit,2015-01-01
K2-3 d,Confirmed,0.00881,0.135,44.55646,0.2086,0.0,-0.32,Primary Transit,2015-01-01
K2-415 b,Confirmed,0.009,0.09055,4.0179694,0.027,0.03,-0.13,Primary Transit,2023-01-01
K2-418 b,Confirmed,0.0327,0.2079,16.141132,0.124,0.23,-0.12,Primary Transit,2023-01-01
K2-419 Ab,Confirmed,0.617,0.941,20.35847252,0.1208,0.042,-0.11,Primary Transit,2024-01-01
K2-55 b,Confirmed,0.138,0.341,2.849258,0.03486,0.124,0.376,Primary Transit,2016-01-01
K2-60 b,Confirmed,0.426,0.683,3.00265,0.045,0.0,0.01,Primary Transit,2016-01-01
K2-66 b,Confirmed,0.06702,0.222,5.06963,0.05983,0.0,-0.047,Primary Transit,2016-01-01
K2-95 b,Confirmed,1.67,0.346,10.134016,0.0696,0.16,-0.03,Primary Transit,2016-01-01
K2-99 b,Confirmed,0.87,1.046,18.24783,0.153,0.22,0.21,Primary Transit,2016-01-01
kappa And b,Confirmed,13.0,1.2,215000.0,100.0,0.69,-0.36,Imaging,2013-01-01
KELT-11 Ab,Confirmed,0.195,1.3,4.736529,0.06229,0.0,0.18,Primary Transit,2016-01-01
KELT-12 b,Confirmed,0.95,1.79,5.0316144,0.0617,0.0,0.23,Primary Transit,2016-01-01
KELT-18 Ab,Confirmed,1.176,1.568,2.8716082,0.04573,0.0,0.09,Primary Transit,2017-01-01
KELT-1 Ab,Confirmed,27.23,1.15,1.217514,0.02472,0.01,0.052,Primary Transit,2012-01-01
KELT-22 Ab,Confirmed,3.69,1.2,1.38665318,0.0248,0.0,0.16,Primary Transit,2018-01-01
KELT-2 Ab,Confirmed,1.486,1.306,4.1137914,0.05498,0.185,-0.015,Primary Transit,2012-01-01
KELT-3 Ab,Confirmed,1.47,1.35,2.7033904,0.04117,0.0,0.048,Primary Transit,2012-01-01
KELT-4 Ab,Confirmed,0.9,1.7,2.989594,0.04321,0.03,-0.116,Radial Velocity,2013-01-01
KELT-6 b,Confirmed,0.44,1.13,7.8456067,0.0747,0.029,-0.27,Primary Transit,2013-01-01
KELT-8 b,Confirmed,0.874,1.86,3.24406,0.04571,0.035,0.27,Primary Transit,2015-01-01
KELT-9 Ab,Confirmed,2.88,1.936,1.4811235,0.03368,0.0,-0.03,Primary Transit,2017-01-01
Kepler-101 b,Confirmed,0.16,0.51,3.4876812,0.0474,0.086,0.33,Primary Transit,2014-01-01
Kepler-101 c,Confirmed,0.01,0.112,6.02976,0.0684,0.0,0.33,Primary Transit,2014-01-01
Kepler-102 e,Confirmed,0.028,0.198,16.1457,0.117,0.0,0.18,Primary Transit,2013-01-01
Kepler-103 b,Confirmed,0.031,0.301,15.9654,0.133,0.17,0.07,Primary Transit,2014-01-01
Kepler-103 c,Confirmed,0.114,0.459,179.612,0.6679,0.1,0.07,Primary Transit,2014-01-01
Kepler-104 Ab,Confirmed,0.031314,0.2123,11.427548,0.09286,0.0,-0.38,Primary Transit,2014-01-01
Kepler-104 Ac,Confirmed,0.0224785,0.2105,23.668205,0.15088,0.0,-0.38,Primary Transit,2014-01-01
Kepler-104 Ad,Confirmed,5.54,0.23508,51.755394,0.2542,0.0,-0.38,Primary Transit,2014-01-01
Kepler-105 b,Confirmed,0.016,0.429,5.4122,0.066,0.47,-0.19,Primary Transit,2013-01-01
Kepler-107 b,Confirmed,0.01104,0.137,3.1800218,0.04544,0.0,0.321,Primary Transit,2014-01-01
Kepler-107 c,Confirmed,0.02954,0.142,4.901452,0.06064,0.0,0.321,Primary Transit,2014-01-01
Kepler-107 d,Confirmed,0.01196,0.077,7.95839,0.08377,0.0,0.321,Primary Transit,2014-01-01
Kepler-107 e,Confirmed,0.02706,0.259,14.749143,0.12639,0.0,0.321,Primary Transit,2014-01-01
Kepler-10 b,Confirmed,0.01019,0.1311,0.837491,0.01685,0.06,-0.15,Primary Transit,2011-01-01
Kepler-10 c,Confirmed,0.03552,0.2101,45.2943,0.241,0.136,-0.15,Primary Transit,2011-01-01
Kepler-117 b,Confirmed,0.094,0.719,18.7959228,0.1445,0.0493,-0.04,Primary Transit,2014-01-01
Kepler-117 c,Confirmed,1.84,1.101,50.790391,0.2804,0.0323,-0.04,Primary Transit,2014-01-01
Kepler-11 b,Confirmed,0.006,0.161,10.3039,0.091,0.045,0.0,Primary Transit,2010-01-01
Kepler-11 c,Confirmed,0.009,0.256,13.0241,0.107,0.026,0.0,Primary Transit,2010-01-01
Kepler-11 d,Confirmed,0.023,0.278,22.6845,0.155,0.004,0.0,Primary Transit,2010-01-01
Kepler-11 e,Confirmed,0.025,0.374,31.9996,0.195,0.012,0.0,Primary Transit,2010-01-01
Kepler-11 f,Confirmed,0.006,0.222,46.6888,0.25,0.013,0.0,Primary Transit,2010-01-01
Kepler-11 g,Confirmed,0.079,0.297,118.3807,0.466,0.15,0.0,Primary Transit,2010-01-01
Kepler-12 b,Confirmed,0.432,1.754,4.4379629,0.0553,0.01,0.07,Primary Transit,2011-01-01
Kepler-138 b,Confirmed,0.00021,0.047,10.3126,0.0746,0.0,-0.28,Primary Transit,2014-01-01
Kepler-13 Ab,Confirmed,9.28,1.512,1.763588,0.03641,0.00064,0.2,Primary Transit,2011-01-01
Kepler-1513 Ab,Confirmed,0.152,0.76671,160.8842,0.5416,0.306,0.17,Primary Transit,2016-01-01
Kepler-1514 b,Confirmed,5.28,1.108,217.83184,0.753,0.401,0.119,Primary Transit,2016-01-01
Kepler-15 b,Confirmed,0.66,0.96,4.942782,0.05714,0.06,0.36,Primary Transit,2011-01-01
Kepler-1647 (AB)b,Confirmed,1.52,1.06,1107.5923,2.7205,0.0581,-0.134,Primary Transit,2015-01-01
Kepler-1654 b,Confirmed,0.5,0.819,1047.8356,2.026,0.26,-0.088,Primary Transit,2018-01-01
Kepler-1655 b,Confirmed,0.01573,0.197,11.8728787,0.103,0.0,-0.24,Primary Transit,2018-01-01
Kepler-1656 b,Confirmed,0.1504,0.448,31.562,0.1974,0.838,0.19,Primary Transit,2018-01-01
Kepler-1657 b,Confirmed,1.93,0.99,141.241671,0.534,0.496,0.16,Primary Transit,2018-01-01
Kepler-1658 b,Confirmed,5.88,1.07,3.84937278,0.0544,0.0628,-0.18,Primary Transit,2019-01-01
Kepler-1659 b,Confirmed,0.02832,0.17,13.6088,0.112293,0.0114,0.052,Primary Transit,2019-01-01
Kepler-1659 c,Confirmed,0.01447,0.17,20.4415,0.14728,0.014,0.052,Primary Transit,2019-01-01
Kepler-167 Ae,Confirmed,4.0,0.9064,1071.23205,1.883,0.062,0.02,Primary Transit,2016-01-01
Kepler-16 (AB)b,Confirmed,0.333,0.7538,228.776,0.7048,0.00685,-0.3,Primary Transit,2011-01-01
Kepler-1704 b,Confirmed,4.16,1.066,988.88112,2.027,0.92,0.196,Primary Transit,2017-01-01
Kepler-1705 b,Confirmed,0.01406,0.1811,9.03502,0.08,0.033,-0.52,Primary Transit,2017-01-01
Kepler-1705 c,Confirmed,0.01705,0.1829,11.28,0.0416,0.028,-0.52,Primary Transit,2017-01-01
Kepler-1708 b,Confirmed,4.6,0.8886,737.1131,1.64,0.4,0.0,Primary Transit,2021-01-01
Kepler-1710 b,Confirmed,0.010997,0.2308,14.91094205,0.1157,0.0,-0.07,Primary Transit,2017-01-01
Kepler-17 b,Confirmed,2.45,1.31,1.4857108,0.02591,0.011,0.26,Primary Transit,2011-01-01
Kepler-1876 b,Confirmed,0.0076,0.0761,6.99205,0.0758,0.01,0.01,Primary Transit,2022-01-01
Kepler-18 b,Confirmed,0.022,0.178,3.504725,0.0447,0.0,0.19,Primary Transit,2011-01-01
Kepler-18 c,Confirmed,0.054,0.49,7.64159,0.0752,0.0,0.19,Primary Transit,2011-01-01
Kepler-18 d,Confirmed,0.052,0.623,14.85888,0.1172,0.0,0.19,Primary Transit,2011-01-01
Kepler-1971 b,Confirmed,0.00107,0.0455,0.412,0.008,0.0,0.1,Primary Transit,2017-01-01
Kepler-1972 b,Confirmed,0.00636,0.07155,7.54425,0.0794,0.067,0.23,Primary Transit,2015-01-01
Kepler-1972 c,Confirmed,0.00664,0.07744,11.3295,0.1025,0.043,0.23,Primary Transit,2015-01-01
Kepler-1973 Ab,Confirmed,0.0544,0.384,4.2881785,0.0504,0.12,0.12,Primary Transit,2017-01-01
Kepler-197 Ac,Confirmed,0.017,0.11669,10.34973276,0.0883,0.08,-0.441,Primary Transit,2014-01-01
Kepler-19 b,Confirmed,0.02643,0.198,9.28716,0.085,0.12,-0.08,Primary Transit,2011-01-01
Kepler-2002 b,Confirmed,23.0,0.25,19.00547,0.1357,0.36,-0.37,Primary Transit,2023-01-01
Kepler-20 Ab,Confirmed,0.029963,0.17905,3.6961049,0.045862,0.03,0.07,Primary Transit,2011-01-01
Kepler-20 Ac,Confirmed,0.0349,0.2569,10.8540774,0.094,0.16,0.07,Primary Transit,2011-01-01
Kepler-20 Ad,Confirmed,0.040733,0.22232,77.611455,0.349,0.0,0.07,Primary Transit,2011-01-01
Kepler-20 Af,Confirmed,0.045,0.08404,19.578328,0.13936,0.0,0.07,Primary Transit,2011-01-01
Kepler-21 Ab,Confirmed,0.02102,0.1472,2.785823,0.0434281,0.02,-0.03,Primary Transit,2012-01-01
Kepler-223 b,Confirmed,0.02328,0.267,7.38449,0.073,0.078,-0.211,Primary Transit,2014-01-01
Kepler-223 c,Confirmed,0.01605,0.307,9.84564,0.088,0.15,-0.211,Primary Transit,2014-01-01
Kepler-223 d,Confirmed,0.02517,0.467,14.78869,0.116,0.037,-0.211,Primary Transit,2014-01-01
Kepler-223 e,Confirmed,0.0151,0.41,19.72567,0.14,0.051,-0.211,Primary Transit,2014-01-01
Kepler-22 b,Confirmed,0.0286,0.187,289.863876,0.812,0.0,-0.255,Primary Transit,2011-01-01
Kepler-25 Ab,Confirmed,0.034013,0.24124,6.238297,0.06944,0.0029,-0.01,Primary Transit,2011-01-01
Kepler-25 Ac,Confirmed,0.075805,0.4128,12.7207,0.1116,0.0061,-0.01,Primary Transit,2011-01-01
Kepler-278 b,Confirmed,0.176,0.363,30.160546,0.207,0.696,0.422,Primary Transit,2014-01-01
Kepler-278 c,Confirmed,0.1098,0.32,51.078775,0.294,0.616,0.422,Primary Transit,2014-01-01
Kepler-289 b,Confirmed,0.023,0.192,34.545,0.21,0.024,0.05,Primary Transit,2014-01-01
Kepler-289 c,Confirmed,0.42,1.034,125.8518,0.51,0.0115,0.05,Primary Transit,2014-01-01
Kepler-289 d,Confirmed,0.013,0.239,66.0634,0.33,0.0033,0.05,Primary Transit,2014-01-01
Kepler-29 b,Confirmed,0.01573,0.227,10.33974,0.09,0.0,-0.44,Primary Transit,2011-01-01
Kepler-29 c,Confirmed,0.01416,0.209,13.28613,0.11,0.0,-0.44,Primary Transit,2011-01-01
Kepler-30 b,Confirmed,0.036,0.348,29.33434,0.18,0.042,0.18,Primary Transit,2012-01-01
Kepler-30 c,Confirmed,2.01,1.097,60.323105,0.3,0.0111,0.18,Primary Transit,2012-01-01
Kepler-30 d,Confirmed,0.073,0.785,143.34394,0.5,0.022,0.18,Primary Transit,2012-01-01
Kepler-324 d,Confirmed,0.00702,0.1008,34.169,0.1949,0.0,-0.009,Primary Transit,2017-01-01
Kepler-338 b,Confirmed,0.0963,0.218,13.726976,0.117,0.04,-0.106,Primary Transit,2014-01-01
Kepler-34 (AB)b,Confirmed,0.22,0.7637,288.822,1.0896,0.182,-0.07,Primary Transit,2012-01-01
Kepler-35 (AB)b,Confirmed,0.1268,0.728,131.458,0.60347,0.042,-0.34,Primary Transit,2012-01-01
Kepler-36 b,Confirmed,0.01205,0.134,13.86825,0.1153,0.0,-0.18,Primary Transit,2012-01-01
Kepler-36 c,Confirmed,0.02243,0.328,16.21865,0.1283,0.0,-0.18,Primary Transit,2012-01-01
Kepler-37 b,Confirmed,0.01,0.026,13.36731,0.1003,0.0,-0.32,Primary Transit,2013-01-01
Kepler-37 d,Confirmed,0.017,0.173,39.7922,0.2109,0.142,-0.32,Primary Transit,2013-01-01
Kepler-391 c,Confirmed,1.416,0.316,20.485435,0.161,0.27,0.02,Primary Transit,2014-01-01
Kepler-39 b,Confirmed,20.1,1.24,21.08721,0.164,0.112,0.1,Primary Transit,2011-01-01
Kepler-407 Ab,Confirmed,0.005251,0.10358,0.669310092,0.0153,0.0,0.33,Primary Transit,2014-01-01
Kepler-40 b,Confirmed,2.2,1.17,6.87349,0.08,0.0,0.1,Primary Transit,2010-01-01
Kepler-411 Ab,Confirmed,0.0805,0.16647,3.005156,0.03831,0.146,0.11,Primary Transit,2013-01-01
Kepler-411 Ac,Confirmed,0.0831,0.28888,7.834435,0.07258,0.108,0.11,Primary Transit,2016-01-01
Kepler-411 Ad,Confirmed,0.04782,0.30119,58.02035,0.2757,0.128,0.11,Primary Transit,2018-01-01
Kepler-412 b,Confirmed,0.941,1.341,1.7208604,0.02897,0.0038,0.27,Primary Transit,2014-01-01
Kepler-419 b,Confirmed,2.5,0.96,69.7546,0.37,0.833,0.176,Primary Transit,2014-01-01
Kepler-41 b,Confirmed,0.56,1.29,1.8555582,0.03101,0.0,0.38,Primary Transit,2011-01-01
Kepler-420 Ab,Confirmed,1.45,0.94,86.647661,0.382,0.772,0.27,Primary Transit,2014-01-01
Kepler-423 b,Confirmed,0.595,1.192,2.6843285,0.03585,0.019,-0.1,Primary Transit,2014-01-01
Kepler-425 b,Confirmed,0.25,0.978,3.79701816,0.0464,0.33,0.24,Primary Transit,2014-01-01
Kepler-426 b,Confirmed,0.34,1.09,3.21751883,0.0414,0.18,-0.21,Primary Transit,2014-01-01
Kepler-427 b,Confirmed,0.29,1.23,10.290994,0.091,0.57,-0.19,Primary Transit,2014-01-01
Kepler-428 b,Confirmed,1.27,1.08,3.52563254,0.0433,0.22,0.09,Primary Transit,2014-01-01
Kepler-432 b,Confirmed,5.41,1.145,52.501129,0.301,0.5134,-0.07,Primary Transit,2015-01-01
Kepler-433 b,Confirmed,2.82,1.45,5.33408384,0.0679,0.119,-0.01,Primary Transit,2015-01-01
Kepler-434 b,Confirmed,2.86,1.13,12.8747099,0.1143,0.131,0.25,Primary Transit,2015-01-01
Kepler-435 b,Confirmed,0.84,1.99,8.6001536,0.0948,0.114,-0.18,Primary Transit,2015-01-01
Kepler-43 b,Confirmed,3.23,1.219,3.0240949,0.046,0.025,0.33,Primary Transit,2011-01-01
Kepler-447 b,Confirmed,1.37,1.65,7.79430132,0.0769,0.123,0.07,Primary Transit,2015-01-01
Kepler-448 b,Confirmed,1.1,1.23,17.855182,0.154,0.34,0.08146,Primary Transit,2015-01-01
Kepler-44 b,Confirmed,1.0,1.09,3.2467293,0.0446,0.066,0.15,Primary Transit,2011-01-01
Kepler-454 Ab,Confirmed,0.017,0.2114,10.5737534,0.09528,0.0,0.32,Primary Transit,2015-01-01
Kepler-45 b,Confirmed,0.505,0.96,2.455239,0.03,0.11,0.28,Primary Transit,2011-01-01
Kepler-46 b,Confirmed,6.0,0.808,33.60134,0.1968,0.01,0.41,Primary Transit,2012-01-01
Kepler-492 b,Confirmed,39.9,0.856,11.72012266,0.0987,0.031,0.07,Primary Transit,2016-01-01
Kepler-4 b,Confirmed,0.077,0.357,3.21346,0.0456,0.0,0.17,Primary Transit,2009-01-01
Kepler-51 b,Confirmed,0.007,0.633,45.154,0.2514,0.04,0.05,Primary Transit,2012-01-01
Kepler-51 c,Confirmed,0.013,0.803,85.312,0.384,0.014,0.05,Primary Transit,2012-01-01
Kepler-51 d,Confirmed,0.024,0.865,130.194,0.509,0.008,0.05,Primary Transit,2014-01-01
Kepler-538 Ab,Confirmed,0.03335,0.198,81.73778,0.4669,0.041,-0.09,Primary Transit,2016-01-01
Kepler-539 b,Confirmed,0.97,0.747,125.63243,0.4988,0.39,-0.01,Primary Transit,2016-01-01
Kepler-55 Ac,Confirmed,0.2196,0.165,42.1406089,0.2095,0.0,-0.01,Primary Transit,2012-01-01
Kepler-56 b,Confirmed,0.07,0.581,10.5016,0.1028,0.04,0.2,Primary Transit,2012-01-01
Kepler-56 c,Confirmed,0.57,0.874,21.40239,0.1652,0.0,0.2,Primary Transit,2012-01-01
Kepler-5 b,Confirmed,2.111,1.426,3.5484657,0.0538,0.0,0.04,Primary Transit,2009-01-01
Kepler-63 b,Confirmed,0.378,0.545,9.4341505,0.08,0.45,0.05,Primary Transit,2013-01-01
Kepler-65 d,Confirmed,0.034,0.136,8.13123,0.084,0.1,0.17,Primary Transit,2012-01-01
Kepler-68 b,Confirmed,0.02407,0.206,5.3988,0.0617,0.0,0.126,Primary Transit,2013-01-01
Kepler-68 c,Confirmed,0.00642,0.0827,9.6051,0.09059,0.0,0.126,Primary Transit,2013-01-01
Kepler-6 b,Confirmed,0.668,1.304,3.2346996,0.04852,0.0,0.34,Primary Transit,2009-01-01
Kepler-74 b,Confirmed,0.63,0.96,7.340711,0.0781,0.0,0.42,Primary Transit,2013-01-01
Kepler-75 b,Confirmed,10.1,1.05,8.8849116,0.0818,0.57,0.3,Primary Transit,2013-01-01
Kepler-77 b,Confirmed,0.43,0.96,3.57878087,0.04501,0.0,0.2,Primary Transit,2013-01-01
Kepler-79 b,Confirmed,0.0343,0.31,13.4845,0.117,0.015,-0.073,Primary Transit,2012-01-01
Kepler-79 c,Confirmed,0.019,0.332,27.4029,0.187,0.03,-0.073,Primary Transit,2012-01-01
Kepler-79 d,Confirmed,0.019,0.639,52.0902,0.287,0.025,-0.073,Primary Transit,2014-01-01
Kepler-79 e,Confirmed,0.013,0.311,81.0659,0.386,0.012,-0.073,Primary Transit,2014-01-01
Kepler-7 b,Confirmed,0.441,1.622,4.8854892,0.06067,0.1,0.11,Primary Transit,2009-01-01
Kepler-82 b,Confirmed,0.03823,0.363,26.44,0.1683,0.0033,0.15,Primary Transit,2012-01-01
Kepler-82 c,Confirmed,0.04373,0.476,51.54,0.2626,0.007,0.15,Primary Transit,2012-01-01
Kepler-84 Ac,Confirmed,0.0636,0.281,12.88291395,0.1072,0.0,-0.18,"Primary Transit, TTV",2012-01-01
Kepler-86 b,Confirmed,0.34235,0.8466,282.5254,0.824,0.28,-0.078,Primary Transit,2013-01-01
Kepler-87 b,Confirmed,1.02,1.204,114.73635,0.481,0.036,-0.17,Primary Transit,2013-01-01
Kepler-87 c,Confirmed,0.02,0.548,191.2318,0.676,0.039,-0.17,Primary Transit,2013-01-01
Kepler-89 Ab,Confirmed,0.018115,0.14613,3.743208,0.05119,0.25,0.11,Primary Transit,2013-01-01
Kepler-89 Ac,Confirmed,0.019528,0.34473,10.423648,0.1013,0.43,0.11,Primary Transit,2013-01-01
Kepler-89 Ad,Confirmed,0.2504561,0.91989,22.342989,0.1684,0.022,0.11,Primary Transit,2013-01-01
Kepler-89 Ae,Confirmed,0.0254662,0.54564,54.32031,0.3046,0.019,0.11,Primary Transit,2013-01-01
Kepler-8 b,Confirmed,0.59,1.416,3.5224991,0.0474,0.0,-0.055,Primary Transit,2010-01-01
Kepler-91 b,Confirmed,0.81,1.367,6.24658,0.0731,0.066,0.11,Primary Transit,2013-01-01
Kepler-93 b,Confirmed,0.0143,0.14,4.72674,0.053,0.0,-0.18,Primary Transit,2014-01-01
Kepler-99 Bb,Confirmed,0.0119971,0.16166,4.60358,0.05069,0.0,0.21,Primary Transit,2014-01-01
Kepler-9 b,Confirmed,0.13655,0.74,19.23891,0.143,0.0609,0.05,Primary Transit,2010-01-01
Kepler-9 c,Confirmed,0.09408,0.721,38.9853,0.227,0.06691,0.05,Primary Transit,2010-01-01
KOI-415 b,Confirmed,62.14,0.79,166.78805,0.593,0.698,-0.24,Primary Transit,2013-01-01
KPS-1 b,Confirmed,1.09,1.03,1.706291,0.0269,0.0,0.22,Primary Transit,2018-01-01
L 168-9 b,Confirmed,0.01265,0.1392,1.40152634,0.0208,0.022,-0.03,Primary Transit,2020-01-01
L 98-59 b,Confirmed,0.0013,0.0758,2.2531136,0.02191,0.1,-0.5,Primary Transit,2018-01-01
L 98-59 c,Confirmed,0.00698,0.12356,3.6906777,0.0304,0.103,-0.5,Primary Transit,2018-01-01
L 98-59 d,Confirmed,0.0061,0.1357,7.4507245,0.0486,0.074,-0.5,Primary Transit,2018-01-01
LHS 1140 b,Confirmed,0.02196,0.15407,24.736,0.0936,0.06,-0.24,Primary Transit,2017-01-01
LHS 1140 c,Confirmed,0.00569,0.11437,3.777931,0.02675,0.31,-0.24,Primary Transit,2018-01-01
LHS 1815 b,Confirmed,0.0132,0.09707,3.81433,0.0404,0.0,-0.12,Primary Transit,2020-01-01
LP 714-47 b,Confirmed,0.0969,0.419,4.052037,0.0417,0.04,0.41,Primary Transit,2020-01-01
LP 791-18 d,Confirmed,0.0028,0.0919,2.75485,0.0199,0.0011,-0.09,Primary Transit,2023-01-01
LTT 1445 Ab,Confirmed,0.009,0.116,5.358766,0.03813,0.11,-0.34,Primary Transit,2019-01-01
LTT 1445 Ac,Confirmed,0.00485,0.10233,3.1239035,0.0266,0.223,-0.34,Primary Transit,2020-01-01
LTT 9779 b,Confirmed,0.09225,0.4211,0.7920641,0.01679,0.0,0.25,Primary Transit,2019-01-01
MASCARA-1 b,Confirmed,3.7,1.5,2.14878,0.043,0.0,0.0,Primary Transit,2017-01-01
MASCARA-3 Ab,Confirmed,5.18,1.272,5.5514926,0.06971,0.085,0.168,Primary Transit,2019-01-01
MASCARA-4 Ab,Confirmed,1.675,1.53,2.82406,0.047,0.0,0.0,Primary Transit,2019-01-01
NGTS-10 Ab,Confirmed,2.162,1.205,0.7668944,0.0143,0.0,-0.02,Primary Transit,2020-01-01
NGTS-11 b,Confirmed,0.37,0.823,35.455285,0.2,0.11,0.22,Primary Transit,2020-01-01
NGTS-13 b,Confirmed,4.84,1.142,4.119027,0.0549,0.086,0.25,Primary Transit,2021-01-01
NGTS-14 Ab,Confirmed,0.092,0.44,3.5357173,0.0403,0.0,0.1,Primary Transit,2021-01-01
NGTS-15 b,Confirmed,0.751,1.1,3.27623,0.0441,0.0,0.15,Primary Transit,2021-01-01
NGTS-16 b,Confirmed,0.667,1.3,4.84532,0.0523,0.0,0.35,Primary Transit,2021-01-01
NGTS-17 b,Confirmed,0.764,1.24,3.24253,0.0391,0.0,0.15,Primary Transit,2021-01-01
NGTS-18 b,Confirmed,0.409,1.21,3.05125,0.0448,0.0,0.15,Primary Transit,2021-01-01
NGTS-1 b,Confirmed,0.812,1.33,2.647298,0.0326,0.016,0.0,Primary Transit,2017-01-01
NGTS-20 b,Confirmed,2.98,1.07,54.18915,0.313,0.432,0.15,Primary Transit,2022-01-01
NGTS-21 b,Confirmed,2.36,1.33,1.5433897,0.0236,0.0,-0.26,Primary Transit,2022-01-01
NGTS-23 b,Confirmed,0.613,1.267,4.076,0.0504,0.0,-0.26,Primary Transit,2022-01-01
NGTS-24 b,Confirmed,0.52,1.214,3.4678796,0.0479,0.0,0.27,Primary Transit,2022-01-01
NGTS-25 b,Confirmed,0.639,1.023,2.823093,0.0388,0.0,0.13,Primary Transit,2022-01-01
NGTS-26 b,Confirmed,0.29,1.33,4.5199279,0.049,0.0,0.2,Primary Transit,2024-01-01
NGTS-27 b,Confirmed,0.593,1.396,3.3704181,0.0446,0.0,0.0,Primary Transit,2024-01-01
NGTS-29 b,Confirmed,0.39,0.857,69.33684,0.347,0.17,0.18,Primary Transit,2024-01-01
NGTS-2 b,Confirmed,0.67,1.536,4.5111204,0.0584,0.0,-0.06,Primary Transit,2018-01-01
NGTS-30 b,Confirmed,0.96,0.93,98.29838,0.408,0.29,-0.03,Primary Transit,2024-01-01
NGTS-3 Ab,Confirmed,2.38,1.48,1.6753728,0.023,0.0,0.12,Primary Transit,2018-01-01
NGTS-4 b,Confirmed,0.0648,0.2837,1.3373508,0.019,0.0,-0.28,Primary Transit,2018-01-01
NGTS-5 Ab,Confirmed,0.229,1.136,3.3569866,0.0382,0.0,0.12,Primary Transit,2019-01-01
NGTS-6 Ab,Confirmed,1.33,1.271,0.882058,0.016623018,0.0,0.11,Primary Transit,2019-01-01
NGTS-8 b,Confirmed,0.93,1.09,2.4997,0.035,0.01,0.24,Primary Transit,2019-01-01
NGTS-9 b,Confirmed,2.9,1.07,4.43527,0.058,0.06,0.31,Primary Transit,2019-01-01
OGLE-TR-10 b,Confirmed,0.68,1.72,3.10129,0.04162,0.0,0.28,Primary Transit,2004-01-01
OGLE-TR-111 b,Confirmed,0.54,1.077,4.01451,0.047,0.0,0.22,Primary Transit,2004-01-01
OGLE-TR-113 b,Confirmed,1.24,1.11,1.4324772,0.0229,0.0,0.14,Primary Transit,2004-01-01
OGLE-TR-132 b,Confirmed,1.17,1.23,1.689868,0.0306,0.0,0.37,Primary Transit,2004-01-01
OGLE-TR-182 b,Confirmed,1.06,1.47,3.9791,0.051,0.0,0.37,Primary Transit,2007-01-01
OGLE-TR-211 b,Confirmed,0.75,1.26,3.67724,0.051,0.0,0.11,Primary Transit,2007-01-01
OGLE-TR-56 b,Confirmed,1.3,1.2,1.211909,0.0225,0.0,0.22,Primary Transit,2002-01-01
pi Men c,Confirmed,0.01142,0.16719,6.267852,0.06702,0.15,0.08,Primary Transit,2018-01-01
Qatar-10 b,Confirmed,0.736,1.534,1.645321,0.0286,0.0,0.016,Primary Transit,2019-01-01
Qatar-1 Ab,Confirmed,1.294,1.143,1.42002504,0.02332,0.0,0.171,Primary Transit,2010-01-01
Qatar-2 b,Confirmed,2.494,1.254,1.33711647,0.02153,0.0,0.02,Primary Transit,2011-01-01
Qatar-6 Ab,Confirmed,0.668,1.062,3.506189,0.0423,0.0,-0.025,Primary Transit,2017-01-01
Qatar-7 b,Confirmed,1.88,1.7,2.032046,0.0352,0.0,0.276,Primary Transit,2018-01-01
Qatar-8 b,Confirmed,0.371,1.285,3.71495,0.0474,0.0,0.025,Primary Transit,2019-01-01
Qatar-9 b,Confirmed,1.19,1.009,1.540731,0.0234,0.0,0.25,Primary Transit,2019-01-01
tau Boo Ab,Confirmed,5.78,1.06,3.31,0.046,0.08,0.264,Radial Velocity,1996-01-01
TIC 139270665 b,Confirmed,0.463,0.645,23.624,0.163,0.1,0.16,Primary Transit,2024-01-01
TIC 172900988 (AB)b,Confirmed,2.84,0.9876,188.763,0.867,0.089,0.34,Primary Transit,2021-01-01
TIC 237913194 b,Confirmed,1.942,1.117,15.168865,0.1207,0.575,0.14,Primary Transit,2020-01-01
TIC 365102760 b,Confirmed,0.0604,0.554,4.21285367,0.0622,0.406,0.53,Primary Transit,2023-01-01
TOI-1011 b,Confirmed,0.01271,0.1294,2.470498,0.0346,0.0,0.03,Primary Transit,2024-01-01
TOI-1052 Ab,Confirmed,0.0532,0.256,9.139703,0.09103,0.18,0.14,Primary Transit,2023-01-01
TOI-1062 b,Confirmed,0.032,0.20198,4.11412,0.052,0.179,0.14,Primary Transit,2021-01-01
TOI-1064 b,Confirmed,0.0425,0.2308,6.443868,0.06152,0.047,0.05,Primary Transit,2022-01-01
TOI-1064 c,Confirmed,0.0079,0.23651,12.226574,0.09429,0.088,0.05,Primary Transit,2022-01-01
TOI-1107 b,Confirmed,3.35,1.3,4.0782387,0.0561,0.025,-0.1,Primary Transit,2022-01-01
TOI-1130 b,Confirmed,0.0623,0.3265,4.074554,0.0453,0.05216,0.17,Primary Transit,2020-01-01
TOI-1130 c,Confirmed,1.057,1.16,8.3501898,0.0731,0.0398,0.17,Primary Transit,2020-01-01
TOI-1135 b,Confirmed,0.06428,0.8,8.027729,0.082,0.07,0.0,Primary Transit,2024-01-01
TOI-1136 b,Confirmed,0.011,0.17,4.17278,0.05106,0.027,0.07,Primary Transit,2022-01-01
TOI-1136 c,Confirmed,0.01988,0.25685,6.2574,0.0669,0.11,0.07,Primary Transit,2022-01-01
TOI-1136 d,Confirmed,0.02627,0.4128,12.5199,0.1062,0.042,0.07,Primary Transit,2022-01-01
TOI-1136 e,Confirmed,0.0191,0.23544,18.802,0.139,0.055,0.07,Primary Transit,2022-01-01
TOI-1136 f,Confirmed,0.02586,0.3462,26.3213,0.174,0.003,0.07,Primary Transit,2022-01-01
TOI-1136 g,Confirmed,0.038,0.2257,39.544,0.229,0.04,0.07,Primary Transit,2022-01-01
TOI-1173 Ab,Confirmed,0.0821,0.723,7.06387,0.07,0.03,0.14,Primary Transit,2024-01-01
TOI-1194 b,Confirmed,0.456,0.767,2.310644,0.0343,0.076,0.29,Primary Transit,2023-01-01
TOI-1199 b,Confirmed,0.239,0.938,3.671463,0.04988,0.03,0.44,Primary Transit,2024-01-01
TOI-1201 Ab,Confirmed,0.01976,0.21545,2.4919863,0.0287,0.0,0.05,Primary Transit,2021-01-01
TOI-1221 b,Confirmed,3.5,0.2596,91.68278,0.39,0.21,0.0,Primary Transit,2022-01-01
TOI-1231 b,Confirmed,0.0485,0.3256,24.245586,0.1288,0.087,0.05,Primary Transit,2021-01-01
TOI-1238 b,Confirmed,0.01183,0.1079,0.764597,0.0139,0.25,0.31,Primary Transit,2021-01-01
TOI-1238 c,Confirmed,0.02618,0.1882,3.294736,0.037,0.15,0.31,Primary Transit,2021-01-01
TOI-1259 Ab,Confirmed,0.441,1.022,3.47797926,0.0407,0.0,-0.5,Primary Transit,2021-01-01
TOI-125 b,Confirmed,0.0299,0.2432,4.65382,0.05186,0.194,-0.02,Primary Transit,2019-01-01
TOI-125 c,Confirmed,0.02086,0.24614,9.15059,0.0814,0.066,-0.02,Primary Transit,2019-01-01
TOI-125 d,Confirmed,0.0428,0.2614,19.98,0.137,0.168,-0.02,Primary Transit,2019-01-01
TOI-1266 b,Confirmed,0.01381,0.2337,10.894841,0.0728,0.22,-0.05,Primary Transit,2020-01-01
TOI-1266 c,Confirmed,0.00934,0.19,18.801611,0.1047,0.34,-0.05,Primary Transit,2020-01-01
TOI-1268 b,Confirmed,0.29,0.82,8.1577094,0.072,0.09,0.25,Primary Transit,2022-01-01
TOI-1273 b,Confirmed,0.222,0.99,4.631296,0.0549,0.055,0.07,Primary Transit,2024-01-01
TOI-1278 b,Confirmed,18.5,1.09,14.47567,0.095,0.013,-0.01,Primary Transit,2021-01-01
TOI-1288 b,Confirmed,0.132,0.4675,2.6998,0.0429,0.064,0.07,Primary Transit,2019-01-01
TOI-1294 b,Confirmed,0.1957,0.8199,3.91529,0.0489,0.07,0.27,Primary Transit,2024-01-01
TOI-1295 b,Confirmed,1.42,1.4,3.1968838,0.047,0.024,0.16,Primary Transit,2024-01-01
TOI-1298 b,Confirmed,0.356,0.841,4.537164,0.059,0.032,0.49,Primary Transit,2021-01-01
TOI-132 Ab,Confirmed,0.0705,0.3051,2.1097019,0.026,0.059,0.16,Primary Transit,2019-01-01
TOI-1333 Ab,Confirmed,2.37,1.396,4.720219,0.0626,0.073,0.12,Primary Transit,2021-01-01
TOI-1338 (AB)b,Confirmed,0.069,0.5986,95.174,0.4607,0.088,-0.4,Primary Transit,2020-01-01
TOI-1347 b,Confirmed,0.0384,0.161,0.847423431,0.0171,0.0,0.04,Primary Transit,2024-01-01
TOI-1408 b,Confirmed,1.69,1.5,4.424711,0.058,0.26,0.89,Primary Transit,2023-01-01
TOI-1408 c,Confirmed,0.0239,0.1981,2.1664,0.03587,0.1353,0.89,Primary Transit,2024-01-01
TOI-1416 b,Confirmed,0.01095,0.1445,1.0697564,0.019,0.0,0.08,Primary Transit,2023-01-01
TOI-1420 b,Confirmed,0.079,1.0608,6.9561063,0.071,0.17,0.29,Primary Transit,2023-01-01
TOI-1422 b,Confirmed,0.028,0.3533,12.9972,0.108,0.04,-0.09,Primary Transit,2022-01-01
TOI-1430 b,Confirmed,0.01306,0.1766,7.4341325,0.0706,0.0,-0.01,Primary Transit,2022-01-01
TOI-1431 b,Confirmed,3.14,1.508,2.65022,0.047,0.01,0.43,Primary Transit,2021-01-01
TOI-1448 b,Confirmed,0.0614,0.2453,8.112245,0.0567,0.36,0.37,Primary Transit,2024-01-01
TOI-1452 Ab,Confirmed,0.01517,0.14917,11.06201,0.061,0.0,-0.07,Primary Transit,2022-01-01
TOI-1470 b,Confirmed,0.02303,0.1945,2.527093,0.0285,0.3,0.0,Primary Transit,2023-01-01
TOI-1470 c,Confirmed,0.02278,0.2204,18.08816,0.106,0.5,0.0,Primary Transit,2023-01-01
TOI-1478 b,Confirmed,0.847,1.06,10.180249,0.0903,0.025,0.08,Primary Transit,2021-01-01
TOI-150 b,Confirmed,2.51,1.255,5.857487,0.0643,0.262,0.25,Primary Transit,2019-01-01
TOI-1518 b,Confirmed,2.3,1.875,1.902603,0.039,0.01,-0.1,Primary Transit,2021-01-01
TOI-157 b,Confirmed,1.18,1.286,2.0845435,0.0318,0.0,0.24,Primary Transit,2020-01-01
TOI-1601 b,Confirmed,0.99,1.239,5.331751,0.06864,0.036,0.329,Primary Transit,2021-01-01
TOI-1605 b,Confirmed,0.6963,0.9225,8.7099,0.08258,0.28,0.0,Primary Transit,2024-01-01
TOI-1634 Ab,Confirmed,0.01545,0.1597,0.989343,0.01545,0.16,0.23,Primary Transit,2021-01-01
TOI-163 b,Confirmed,1.22,1.489,4.231306,0.058,0.0,0.22,Primary Transit,2019-01-01
TOI-1670 b,Confirmed,0.0434,0.1838,10.98462,0.103,0.59,0.09,Primary Transit,2022-01-01
TOI-1670 c,Confirmed,0.58,0.97,40.7750145,0.249,0.067,0.09,Primary Transit,2022-01-01
TOI-1685 b,Confirmed,0.00966,0.1267,0.66813923,0.01164,0.0,-0.13,Primary Transit,2021-01-01
TOI-1695 b,Confirmed,0.0182,0.17,3.1342788,0.033548,0.1,0.0,Primary Transit,2022-01-01
TOI-1696 b,Confirmed,0.1787,0.2891,2.50031,0.0235,0.0,0.336,Primary Transit,2022-01-01
TOI-169 b,Confirmed,0.791,1.086,2.2554477,0.03524,0.0,0.24,Primary Transit,2020-01-01
TOI-1710 Ab,Confirmed,0.0579,0.4595,24.283385,0.164,0.185,0.1,Primary Transit,2022-01-01
TOI-1728 b,Confirmed,0.08426,0.4505,3.49151,0.0391,0.057,0.25,Primary Transit,2020-01-01
TOI-172 Ab,Confirmed,5.41,0.965,9.47721,0.0913,0.3805,0.146,Primary Transit,2019-01-01
TOI-1749 Ab,Confirmed,0.06,0.124,2.38839,0.0291,0.02,-0.26,Primary Transit,2021-01-01
TOI-1749 Ac,Confirmed,0.0066,0.1891,4.4929,0.0443,0.007,-0.26,Primary Transit,2021-01-01
TOI-1749 d,Confirmed,0.0135,0.2248,9.0497,0.0707,0.015,-0.26,Primary Transit,2021-01-01
TOI-1751 b,Confirmed,0.0538,0.2489,37.468489,0.2115,0.26,-0.5,Primary Transit,2024-01-01
TOI-1759 Ab,Confirmed,0.0214,0.273,18.849975,0.1176,0.0,0.2,Primary Transit,2022-01-01
TOI-1778 b,Confirmed,0.02637,0.24133,6.527282,0.072,0.23,0.18,Primary Transit,2024-01-01
TOI-179 Ab,Confirmed,0.0758,0.2436,4.1374386,0.0476,0.34,-0.05,Primary Transit,2019-01-01
TOI-1807 b,Confirmed,0.00809,0.1222,0.549374,0.012,0.0,-0.029,Primary Transit,2021-01-01
TOI-1811 b,Confirmed,0.974,1.0,3.7130818,0.04393,0.061,0.32,Primary Transit,2022-01-01
TOI-181 b,Confirmed,0.13,0.6183,4.53206,0.05578,0.19,0.272,Primary Transit,2022-01-01
TOI-1820 Ab,Confirmed,2.3,1.12,4.8607,0.069,0.043,0.14,Primary Transit,2022-01-01
TOI-1824 Ab,Confirmed,0.0582,0.2346,22.80857,0.149,0.0,0.05,Primary Transit,2024-01-01
TOI-1828 b,Confirmed,0.1841,0.769,9.0941045,0.08587,0.31,0.14,Primary Transit,2024-01-01
TOI-1836 Ab,Confirmed,0.092,0.78188,20.38084,0.1577,0.13,-0.098,Primary Transit,2024-01-01
TOI-1836 Ac,Confirmed,0.025,0.232,1.7727471,0.03089,0.0,-0.098,Primary Transit,2024-01-01
TOI-1885 b,Confirmed,1.6248,1.2187,6.54406,0.0728,0.04,0.03,Primary Transit,2024-01-01
TOI-1899 b,Confirmed,0.67,0.99,29.090312,0.1525,0.044,0.31,Primary Transit,2020-01-01
TOI-1937 Ab,Confirmed,2.01,1.247,0.94667944,0.01932,0.0,0.196,Primary Transit,2022-01-01
TOI-1994 b,Confirmed,22.1,1.22,4.0337142,0.0613,0.0341,-0.01,Primary Transit,2023-01-01
TOI-199 Ab,Confirmed,0.17,0.81,104.87236,0.48,0.09,0.22,Primary Transit,2023-01-01
TOI-2000 b,Confirmed,0.0324,0.2355,3.098331,0.0426,0.0,0.438,Primary Transit,2022-01-01
TOI-2000 c,Confirmed,0.2382,0.711,9.1270553,0.0875,0.064,0.438,Primary Transit,2022-01-01
TOI-2010 Ab,Confirmed,1.286,1.054,141.834025,0.5516,0.212,0.17,Primary Transit,2023-01-01
TOI-2015 b,Confirmed,0.0289,0.2953,3.348237,0.0293,0.079,0.05,Primary Transit,2023-01-01
TOI-2019 b,Confirmed,0.1089,0.505,15.3444,0.1203,0.09,0.41,Primary Transit,2024-01-01
TOI-201 b,Confirmed,0.42,1.0,52.97818,0.3,0.28,0.24,Primary Transit,2021-01-01
TOI-2025 b,Confirmed,4.4,1.12,8.872086,0.089,0.44,0.18,Primary Transit,2022-01-01
TOI-2045 b,Confirmed,0.6639,1.1316,9.077534,0.093,0.0,0.072,Primary Transit,2024-01-01
TOI-2120 b,Confirmed,0.0214,0.18931,5.7998164,0.0377,0.32,0.39,Primary Transit,2024-01-01
TOI-2136 b,Confirmed,0.0148,0.1865,7.85191,0.054,0.07,0.03,Primary Transit,2022-01-01
TOI-2141 b,Confirmed,0.076,0.2721,18.26157,0.133,0.21,-0.12,Primary Transit,2023-01-01
TOI-2145 b,Confirmed,5.52,1.098,10.261131,0.11,0.22,0.245,Primary Transit,2022-01-01
TOI-2152 Ab,Confirmed,2.83,1.281,3.3773512,0.05064,0.057,0.28,Primary Transit,2022-01-01
TOI-2154 b,Confirmed,0.92,1.453,3.6240801,0.0513,0.117,0.011,Primary Transit,2022-01-01
TOI-2158 b,Confirmed,0.82,0.96,8.60077,0.074,0.031,0.47,Primary Transit,2022-01-01
TOI-216 b,Confirmed,0.0558,0.6861,17.0991,0.1293,0.161,-0.15,Primary Transit,2019-01-01
TOI-216 c,Confirmed,0.528,0.901,34.5507,0.2068,0.0062,-0.15,Primary Transit,2019-01-01
TOI-2180 b,Confirmed,2.755,1.01,260.158,0.828,0.368,0.253,Primary Transit,2022-01-01
TOI-2193 Ab,Confirmed,0.94,1.77,2.1225735,0.03319,0.0,0.027,Primary Transit,2022-01-01
TOI-2196 b,Confirmed,0.082,0.3131,1.1947268,0.02234,0.0,0.14,Primary Transit,2022-01-01
TOI-2202 b,Confirmed,0.978,1.0,11.9101,0.09564,0.042,0.04,Primary Transit,2021-01-01
TOI-2207 b,Confirmed,0.64,0.995,8.001968,0.0854,0.174,0.18,Primary Transit,2022-01-01
TOI-220 b,Confirmed,0.0428,0.2694,10.695264,0.0892,0.029,-0.217,Radial Velocity,2021-01-01
TOI-2257 b,Confirmed,0.0179,0.19574,35.189346,0.145,0.496,-0.27,Primary Transit,2021-01-01
TOI-2285 b,Confirmed,0.0614,0.1552,13.64,0.1363,0.3,-0.05,Primary Transit,2021-01-01
TOI-2295 b,Confirmed,0.875,1.47,30.033302,0.199,0.334,0.316,Primary Transit,2024-01-01
TOI-2338 b,Confirmed,5.98,1.0,22.65398,0.158,0.676,0.22,Primary Transit,2023-01-01
TOI-2364 b,Confirmed,0.225,0.768,4.0197517,0.04871,0.0,0.344,Primary Transit,2022-01-01
TOI-2373 b,Confirmed,9.3,0.93,13.33668,0.112,0.112,0.3,"Primary Transit, Radial Velocity",2023-01-01
TOI-2374 Bb,Confirmed,0.17821,0.607,4.31361,0.0471,0.13,0.15,Primary Transit,2024-01-01
TOI-2379 b,Confirmed,5.76,1.046,5.4693827,0.05263,0.342,0.5,Primary Transit,2024-01-01
TOI-2384 Ab,Confirmed,1.966,1.025,2.13570304,0.0279,0.0,0.332,Primary Transit,2024-01-01
TOI-238 c,Confirmed,0.0211,0.1945,8.465651,0.0749,0.36,-0.05,Primary Transit,2024-01-01
TOI-2406 b,Confirmed,0.0286,0.2623,3.0766896,0.0228,0.26,-0.38,Primary Transit,2021-01-01
TOI-2420 b,Confirmed,0.93,1.34,5.842641,0.0684,0.055,-0.18,Primary Transit,2024-01-01
TOI-2458 b,Confirmed,0.04188,0.2525,3.73659,0.0482,0.087,-0.1,Primary Transit,2024-01-01
TOI-2485 b,Confirmed,2.41,1.08,11.23479,0.109,0.034,0.12,Primary Transit,2024-01-01
TOI-2497 b,Confirmed,5.21,1.0,10.655661,0.1167,0.196,0.094,Primary Transit,2022-01-01
TOI-2498 b,Confirmed,0.10893,0.5406,3.738252,0.0491,0.089,0.167,Primary Transit,2023-01-01
TOI-251 b,Confirmed,1.0,0.2444,4.93777,0.05741,0.0,-0.106,Primary Transit,2020-01-01
TOI-2524 b,Confirmed,0.64,1.0,7.18585,0.073,0.0,0.06,"Primary Transit, Radial Velocity",2023-01-01
TOI-2525 b,Confirmed,0.084,0.774,23.2856,0.1511,0.17,0.14,Primary Transit,2022-01-01
TOI-2525 c,Confirmed,0.657,0.904,49.2519,0.249,0.157,0.14,Primary Transit,2022-01-01
TOI-2537 b,Confirmed,1.3,1.0,94.1022,0.3715,0.364,0.08,Primary Transit,2024-01-01
TOI-257 b,Confirmed,0.134,0.626,18.38827,0.1523,0.24,0.19,Primary Transit,2020-01-01
TOI-2580 Ab,Confirmed,0.63,1.55,3.39775,0.048,0.08,0.08,Primary Transit,2024-01-01
TOI-2583 Ab,Confirmed,0.25,1.29,4.5207265,0.0571,0.0,0.158,Primary Transit,2022-01-01
TOI-2587 Ab,Confirmed,0.218,1.077,5.45664,0.0635,0.0,0.13,Primary Transit,2022-01-01
TOI-2589 b,Confirmed,3.5,1.08,61.6277,0.3,0.522,0.12,Primary Transit,2023-01-01
TOI-260 b,Confirmed,0.02961,0.1454,13.47583,0.0943,0.68,-0.47,Primary Transit,2024-01-01
TOI-269 b,Confirmed,0.0277,0.2471,3.6977104,0.0345,0.425,-0.29,Primary Transit,2021-01-01
TOI-270 b,Confirmed,0.00466,0.11125,3.35992,0.0306,0.0167,-0.17,Primary Transit,2019-01-01
TOI-270 c,Confirmed,0.0195,0.2079,5.66051,0.0472,0.0044,-0.17,Primary Transit,2019-01-01
TOI-270 d,Confirmed,0.0132,0.19,11.38014,0.0733,0.0044,-0.17,Primary Transit,2019-01-01
TOI-2714 b,Confirmed,0.717,1.224,2.499387,0.036,0.164,0.3,Primary Transit,2024-01-01
TOI-2796 b,Confirmed,0.44,1.59,4.8084983,0.04089,0.0,0.239,Primary Transit,2022-01-01
TOI-2803 Ab,Confirmed,0.975,1.616,1.96229325,0.03185,0.0,-0.105,Primary Transit,2022-01-01
TOI-2818 b,Confirmed,0.71,1.363,4.039709,0.0493,0.0,-0.02,Primary Transit,2022-01-01
TOI-2842 b,Confirmed,0.37,1.146,3.5514058,0.0475,0.0,0.233,Primary Transit,2022-01-01
TOI-2844 b,Confirmed,54.0,0.775,3.5524204,0.0537,0.42,0.06,Primary Transit,2024-01-01
TOI-286 b,Confirmed,0.01425,0.1267,4.5117244,0.0503,0.0,-0.05,Primary Transit,2024-01-01
TOI-286 c,Confirmed,0.0117,0.1677,39.361826,0.213,0.0,-0.05,Primary Transit,2024-01-01
TOI-2977 Ab,Confirmed,1.68,1.174,2.3505614,0.03386,0.0,0.013,Primary Transit,2022-01-01
TOI-2981 b,Confirmed,2.007,1.195,3.601501,0.048,0.035,-0.11,Primary Transit,2024-01-01
TOI-3023 b,Confirmed,0.62,1.466,3.9014971,0.0505,0.0,0.085,Primary Transit,2022-01-01
TOI-3071 b,Confirmed,0.2146,0.6388,1.266918,0.0249,0.1,0.35,Primary Transit,2024-01-01
TOI-3235 Ab,Confirmed,0.665,1.017,2.59261842,0.02709,0.029,0.264,Primary Transit,2023-01-01
TOI-3261 b,Confirmed,0.0953,0.3408,0.8831331,0.01714,0.0,0.14,Primary Transit,2024-01-01
TOI-329 b,Confirmed,0.1271,0.4211,5.70439,0.0638,0.39,-0.11,Primary Transit,2024-01-01
TOI-3321 Ab,Confirmed,0.554,1.39,3.6525145,0.047,0.054,-0.103,Primary Transit,2024-01-01
TOI-332 b,Confirmed,0.18,0.285,0.777038,0.0159,0.0,0.26,Primary Transit,2023-01-01
TOI-3362 b,Confirmed,4.0,1.2,18.095367,0.155,0.72,0.017,Primary Transit,2021-01-01
TOI-3364 b,Confirmed,1.67,1.091,5.8768918,0.0675,0.0,0.387,Primary Transit,2022-01-01
TOI-3568 b,Confirmed,0.083,0.473,4.417965,0.0485,0.035,-0.01,Primary Transit,2024-01-01
TOI-3577 b,Confirmed,53.8,1.0,5.266759,0.0623,0.006,-0.03,Primary Transit,2025-01-01
TOI-3629 b,Confirmed,0.26,0.74,3.9365578,0.043,0.05,0.4,Primary Transit,2022-01-01
TOI-3688 Ab,Confirmed,0.98,1.167,3.246075,0.0456,0.0,0.262,Primary Transit,2022-01-01
TOI-3714 Ab,Confirmed,0.689,0.994,2.15484802,0.0263,0.03,0.1,Primary Transit,2022-01-01
TOI-3757 b,Confirmed,0.2684,1.07,3.438753,0.03845,0.14,0.0,Primary Transit,2022-01-01
TOI-3785 b,Confirmed,0.04704,0.4586,4.6747373,0.043,0.11,0.1,Primary Transit,2023-01-01
TOI-3807 b,Confirmed,1.04,2.0,2.8989727,0.0421,0.0,0.278,Primary Transit,2022-01-01
TOI-3819 b,Confirmed,1.11,1.172,3.2443141,0.04611,0.0,0.273,Primary Transit,2022-01-01
TOI-3884 b,Confirmed,0.0519,0.5629,4.5445697,0.0354,0.32,0.23,Primary Transit,2022-01-01
TOI-3912 b,Confirmed,0.406,1.274,3.4936264,0.0463,0.0,0.187,Primary Transit,2022-01-01
TOI-396A b,Confirmed,0.01117,0.178,3.585287,0.0489,0.3,-0.14,Primary Transit,2019-01-01
TOI-396A c,Confirmed,0.0028,0.1766,5.973865,0.0687,0.19,-0.14,Primary Transit,2019-01-01
TOI-396A d,Confirmed,0.0223,0.18,11.230511,0.1046,0.28,-0.14,Primary Transit,2019-01-01
TOI-3976 b,Confirmed,0.175,1.095,6.607662,0.0743,0.0,0.182,Primary Transit,2022-01-01
TOI-4010 b,Confirmed,0.035,0.2694,1.348335,0.0229,0.03,0.315,Primary Transit,2023-01-01
TOI-4010 c,Confirmed,0.0639,0.529,5.414654,0.058,0.03,0.315,Primary Transit,2023-01-01
TOI-4010 d,Confirmed,0.12003,0.5513,14.70886,0.113,0.07,0.315,Primary Transit,2023-01-01
TOI-402 Ac,Confirmed,0.02136,0.22536,17.180546,0.1235,0.096,0.03,Primary Transit,2019-01-01
TOI-4087 b,Confirmed,0.73,1.164,3.1774835,0.04469,0.0,0.237,Primary Transit,2022-01-01
TOI-4145 Ab,Confirmed,0.43,1.187,4.0664428,0.04823,0.0,0.168,Primary Transit,2022-01-01
TOI-4201 b,Confirmed,2.589,1.133,3.5819111,0.03939,0.069,0.3,Primary Transit,2023-01-01
TOI-421 Ac,Confirmed,0.0444,0.4541,16.067541,0.117,0.19,-0.02,Primary Transit,2020-01-01
TOI-431 b,Confirmed,0.00966,0.1142,0.490047,0.0113,0.0,0.2,Primary Transit,2021-01-01
TOI-431 d,Confirmed,0.0311,0.2935,12.46103,0.098,0.0,0.2,Primary Transit,2021-01-01
TOI-4377 b,Confirmed,0.957,1.35,4.378081,0.0579,0.045,0.2,Primary Transit,2023-01-01
TOI-4379 b,Confirmed,1.113,1.489,3.25352,0.0477,0.018,0.16,Primary Transit,2024-01-01
TOI-4438 b,Confirmed,0.017,0.2248,7.44628,0.0534,0.14,-0.19,Primary Transit,2024-01-01
TOI-4463 Ab,Confirmed,0.794,1.183,2.8807198,0.04035,0.0,0.25,Primary Transit,2022-01-01
TOI-4515 b,Confirmed,2.0,1.09,15.266446,0.118,0.46,0.1,Primary Transit,2023-01-01
TOI-4551 b,Confirmed,1.49,1.06,9.95581,0.0994,0.1,0.23,Primary Transit,2023-01-01
TOI-4603 b,Confirmed,12.89,1.042,7.24599,0.0888,0.325,-0.236,Primary Transit,2023-01-01
TOI-4641 b,Confirmed,3.87,0.73,22.09341,0.173,0.074,-0.09,Primary Transit,2023-01-01
TOI-469 b,Confirmed,0.0186,0.3105,13.63083,0.107,0.0,0.24,Primary Transit,2019-01-01
TOI-4776 b,Confirmed,32.0,1.02,10.413815,0.0962,0.014,-0.05,Primary Transit,2025-01-01
TOI-4791 b,Confirmed,2.31,1.11,4.28088,0.0555,0.0,0.207,Primary Transit,2022-01-01
TOI-481 b,Confirmed,1.53,0.99,10.33111,0.097,0.153,0.26,Primary Transit,2020-01-01
TOI-4860 b,Confirmed,0.67,0.756,1.5227596,0.0185,0.047,0.3,Primary Transit,2021-01-01
TOI-4914 b,Confirmed,0.714,1.1482,10.60057,0.098,0.41,-0.13,Primary Transit,2024-01-01
TOI-4987 b,Confirmed,12.37,1.93,4.2889731,0.0656,0.07,-0.34,Primary Transit,2024-01-01
TOI-4994 b,Confirmed,0.28,0.762,21.491984,0.1515,0.319,0.165,Primary Transit,2024-01-01
TOI-5005 b,Confirmed,0.1029,0.5576,6.3085044,0.06614,0.0,0.15,Primary Transit,2024-01-01
TOI-5108 b,Confirmed,0.101,0.589,6.753581,0.073,0.0,0.2,Primary Transit,2025-01-01
TOI-5110 b,Confirmed,2.9,1.069,30.158577,0.2157,0.745,0.067,Primary Transit,2024-01-01
TOI-5153 b,Confirmed,3.26,1.06,20.33003,0.158,0.09,0.12,Primary Transit,2022-01-01
TOI-5205 b,Confirmed,1.08,0.94,1.630731,0.0195,0.02,0.0,Primary Transit,2022-01-01
TOI-5218 b,Confirmed,0.799,0.879,4.291452,0.0469,0.0,0.41,Primary Transit,2024-01-01
TOI-530 b,Confirmed,0.4,0.83,6.387597,0.052,0.0,0.376,Primary Transit,2021-01-01
TOI-532 b,Confirmed,0.1935,0.5192,2.32666508,0.0296,0.0,0.38,Primary Transit,2021-01-01
TOI-5344 b,Confirmed,0.42,0.87,3.792622,0.04,0.06,0.425,Primary Transit,2023-01-01
TOI-5422 b,Confirmed,27.7,0.815,5.377219,0.0616,0.0942,-0.007,Primary Transit,2025-01-01
TOI-5542 b,Confirmed,1.32,1.009,75.12375,0.332,0.018,-0.31,Primary Transit,2022-01-01
TOI-558 b,Confirmed,3.61,1.086,14.574071,0.1291,0.298,-0.004,Primary Transit,2021-01-01
TOI-559 b,Confirmed,6.01,1.091,6.9839095,0.0723,0.15,-0.069,Primary Transit,2021-01-01
TOI-5610 b,Confirmed,40.4,0.887,7.95346,0.0647,0.354,-0.42,Primary Transit,2025-01-01
TOI-5616 b,Confirmed,0.802,0.961,2.002849,0.0272,0.0,0.14,Primary Transit,2024-01-01
TOI-561 b,Confirmed,0.00636,0.12463,0.4465697,0.01064,0.0,-0.4,Primary Transit,2020-01-01
TOI-561 c,Confirmed,0.01866,0.2556,10.778838,0.0889,0.23,-0.4,Primary Transit,2020-01-01
TOI-561 d,Confirmed,0.04194,0.2333,25.71268,0.1587,0.11,-0.4,Primary Transit,2020-01-01
TOI-561 e,Confirmed,0.039,0.22455,77.144,0.33,0.074,-0.4,Primary Transit,2020-01-01
TOI-561 f,Confirmed,0.0601,0.207,433.0,1.034,0.08,-0.4,Primary Transit,2020-01-01
TOI-5634 Ab,Confirmed,0.576,0.923,2.2035373,0.0272,0.0,-0.27,Primary Transit,2024-01-01
TOI-564 Ab,Confirmed,1.463,1.02,1.651144,0.02734,0.072,0.15,Primary Transit,2019-01-01
TOI-5678 b,Confirmed,0.063,0.438,47.73022,0.249,0.14,0.0,Primary Transit,2023-01-01
TOI-5688 Ab,Confirmed,0.39,0.919,2.94815527,0.03379,0.128,0.47,Primary Transit,2024-01-01
TOI-5786 b,Confirmed,0.23,0.7708,12.779107,0.114,0.0,0.08,Primary Transit,2025-01-01
TOI-6016 b,Confirmed,1.17,1.22,4.023687,0.055,0.0,0.21,Primary Transit,2024-01-01
TOI-6029 b,Confirmed,1.635,1.284,5.7987,0.0731,0.091,0.37,Primary Transit,2024-01-01
TOI-6034 Bb,Confirmed,0.798,1.063,2.576184,0.02949,0.04,-0.09,Primary Transit,2023-01-01
TOI-603 b,Confirmed,0.1495,0.7075,16.17989,0.1281,0.22,0.176,Primary Transit,2024-01-01
TOI-6054 b,Confirmed,0.039,0.2364,7.501437,0.0763,0.16,0.07,Primary Transit,2025-01-01
TOI-6054 c,Confirmed,0.0289,0.25,12.56364,0.1,0.33,0.07,Primary Transit,2025-01-01
TOI-6130 b,Confirmed,1.05,1.28,2.392679,0.036,0.036,0.17,Primary Transit,2024-01-01
TOI-620 b,Confirmed,0.0485,0.3354,5.0988179,0.04825,0.19,0.35,Primary Transit,2022-01-01
TOI-6255 b,Confirmed,0.00453,0.09626,0.23818244,0.0054,0.0,-0.14,Primary Transit,2024-01-01
TOI-628 b,Confirmed,6.33,1.06,3.4095675,0.0486,0.07,0.26,Primary Transit,2021-01-01
TOI-6303 b,Confirmed,7.84,1.03,9.485236,0.076,0.02,0.44,Primary Transit,2024-01-01
TOI-6324 b,Confirmed,0.00368,0.09448,0.279221,0.00432,0.0,-0.32,Primary Transit,2024-01-01
TOI-6330 b,Confirmed,10.0,0.97,6.8500246,0.0576,0.34,0.08,Primary Transit,2024-01-01
TOI-6383 Ab,Confirmed,1.04,1.0072,1.79058695,0.02292,0.05,0.2,Primary Transit,2024-01-01
TOI-640 Ab,Confirmed,0.88,1.771,5.0037775,0.06608,0.05,0.174,Primary Transit,2021-01-01
TOI-6651 b,Confirmed,0.192,0.4541,5.056973,0.0633,0.09,0.2037,Primary Transit,2024-01-01
TOI-674 b,Confirmed,0.0739,0.4693,1.977143,0.0231,0.1,0.114,Primary Transit,2021-01-01
TOI-677 b,Confirmed,1.234,1.17,11.2365985,0.1038,0.46,0.0,Primary Transit,2019-01-01
TOI-6883 b,Confirmed,4.34,1.087,16.24921,0.129,0.6,0.32,Primary Transit,2024-01-01
TOI-6883 c,Confirmed,0.357,0.792,7.8458,0.079,0.3896,0.32,Primary Transit,2024-01-01
TOI-700 b,Confirmed,0.00406,0.08154,9.977219,0.0677,0.075,-0.07,Primary Transit,2020-01-01
TOI-700 c,Confirmed,0.0249,0.232,16.051137,0.0929,0.068,-0.07,Primary Transit,2020-01-01
TOI-700 d,Confirmed,0.00711,0.09573,37.42396,0.1633,0.042,-0.07,Primary Transit,2020-01-01
TOI-7041 b,Confirmed,0.36,1.02,9.691,0.091,0.04,0.25,Primary Transit,2024-01-01
TOI-712 b,Confirmed,0.0176,0.1828,9.531361,0.07928,0.54,-0.02,Primary Transit,2021-01-01
TOI-712 c,Confirmed,0.0274,0.241,51.69906,0.2447,0.089,-0.02,Primary Transit,2021-01-01
TOI-712 d,Confirmed,0.0236,0.22072,84.8396,0.3405,0.073,-0.02,Primary Transit,2021-01-01
TOI-732 Ab,Confirmed,0.00774,0.11821,0.76837931,0.01195,0.0,0.06,Primary Transit,2020-01-01
TOI-732 Ac,Confirmed,0.0253,0.2132,12.252284,0.0757,0.024,0.06,Primary Transit,2020-01-01
TOI-733 b,Confirmed,0.018,0.1775,4.884765,0.0618,0.046,-0.04,Primary Transit,2023-01-01
TOI-757 b,Confirmed,0.033,0.223,17.46819,0.122,0.39,-0.27,Primary Transit,2024-01-01
TOI-763 Ab,Confirmed,0.0308,0.2034,5.6057,0.06,0.04,0.01,Primary Transit,2020-01-01
TOI-763 Ac,Confirmed,0.02932,0.2346,12.2737,0.1,0.04,0.01,Primary Transit,2020-01-01
TOI-776 c,Confirmed,0.0217,0.1829,15.665323,0.1,0.09,-0.2,Primary Transit,2020-01-01
TOI-778 b,Confirmed,2.8,1.374,4.633611,0.06,0.21,0.28,Primary Transit,2022-01-01
TOI-782 b,Confirmed,0.0601,0.24391,8.0240015,0.0578,0.19,0.34,Primary Transit,2024-01-01
TOI-784 b,Confirmed,0.03043,0.1722,2.7970365,0.038,0.0,-0.13,Primary Transit,2023-01-01
TOI-815 Ab,Confirmed,0.0239,0.2623,11.197259,0.0903,0.0,-0.09,Primary Transit,2024-01-01
TOI-836 b,Confirmed,0.01425,0.15202,3.81673,0.0422,0.053,-0.284,Primary Transit,2022-01-01
TOI-836 c,Confirmed,0.0302,0.2308,8.59545,0.075,0.078,-0.284,Primary Transit,2022-01-01
TOI-849 b,Confirmed,0.1315,0.30726,0.765548,0.0155,0.0,0.19,Primary Transit,2020-01-01
TOI-858 B b,Confirmed,1.1,1.255,3.2797178,0.04445,0.15,0.15,Primary Transit,2023-01-01
TOI-892 b,Confirmed,0.95,1.07,10.62656,0.092,0.125,0.24,Primary Transit,2020-01-01
TOI-905 Ab,Confirmed,0.667,1.171,3.739494,0.04666,0.024,0.2,Primary Transit,2019-01-01
TOI-942 b,Confirmed,2.599,0.4291,4.32419,0.04796,0.0,0.0,Primary Transit,2021-01-01
TOI-942 c,Confirmed,2.501,0.5166,10.15643,0.0847,0.0,0.0,Primary Transit,2020-01-01
TOI-954 Ab,Confirmed,0.174,0.852,3.6849729,0.04963,0.14,0.215,Primary Transit,2020-01-01
TRAPPIST-1 b,Confirmed,0.0027,0.09689,1.51087081,0.01111,0.0,0.04,Primary Transit,2016-01-01
TRAPPIST-1 c,Confirmed,0.00434,0.09421,2.4218233,0.01521,0.0,0.04,Primary Transit,2016-01-01
TRAPPIST-1 d,Confirmed,0.0013,0.0689,4.04961,0.02144,0.0,0.04,Primary Transit,2016-01-01
TRAPPIST-1 e,Confirmed,0.002,0.0819,6.099615,0.02817,0.005,0.04,Primary Transit,2017-01-01
TRAPPIST-1 f,Confirmed,0.0021,0.09323,9.20669,0.0371,0.01,0.04,Primary Transit,2017-01-01
TRAPPIST-1 g,Confirmed,0.00422,0.1005,12.35294,0.0451,0.002,0.04,Primary Transit,2017-01-01
TrES-1 Ab,Confirmed,0.761,1.099,3.0300722,0.0393,0.0,0.0414,Primary Transit,2004-01-01
TrES-2 Ab,Confirmed,1.253,1.189,2.4706133738,0.03555,0.0,-0.15,Primary Transit,2006-01-01
TrES-3 b,Confirmed,1.91,1.305,1.30618608,0.0226,0.0,-0.19,Primary Transit,2007-01-01
TrES-4 Ab,Confirmed,0.917,1.706,3.5539268,0.05084,0.0,0.14,Primary Transit,2007-01-01
WASP-100 Ab,Confirmed,2.03,1.69,2.849375,0.0457,0.0,-0.03,Primary Transit,2013-01-01
WASP-101 b,Confirmed,0.5,1.36,3.5857076,0.0496,0.0,0.2,Primary Transit,2013-01-01
WASP-102 b,Confirmed,0.621,1.33,2.709813,0.041,0.0,-0.2,Primary Transit,2016-01-01
WASP-104 Ab,Confirmed,1.272,1.137,1.7554137,0.02918,0.0,0.32,Primary Transit,2014-01-01
WASP-105 b,Confirmed,1.8,0.96,7.87288,0.075,0.0,0.28,Primary Transit,2017-01-01
WASP-106 b,Confirmed,1.925,1.085,9.289715,0.0917,0.0,-0.09,Primary Transit,2014-01-01
WASP-107 b,Confirmed,0.12,0.94,5.72149,0.055,0.06,0.02,Primary Transit,2017-01-01
WASP-108 Ab,Confirmed,1.167,1.215,2.6755463,0.0397,0.0,0.05,Primary Transit,2014-01-01
WASP-109 b,Confirmed,0.91,1.443,3.3190233,0.0463,0.0,-0.22,Primary Transit,2014-01-01
WASP-10 b,Confirmed,3.16,1.08,3.0927616,0.0371,0.057,0.03,Primary Transit,2008-01-01
WASP-110 b,Confirmed,0.515,1.238,3.7783977,0.0457,0.0,-0.06,Primary Transit,2014-01-01
WASP-111 Ab,Confirmed,1.85,1.442,2.310965,0.03914,0.0,0.08,Primary Transit,2014-01-01
WASP-112 b,Confirmed,0.88,1.191,3.0353992,0.0382,0.0,-0.64,Primary Transit,2014-01-01
WASP-113 Ab,Confirmed,0.475,1.409,4.54216874538,0.05885,0.0,0.1,Primary Transit,2016-01-01
WASP-114 Ab,Confirmed,1.769,1.339,1.5487743,0.02851,0.012,0.14,Primary Transit,2016-01-01
WASP-116 b,Confirmed,0.64,1.22,6.6132,0.065,0.0,0.0,Primary Transit,2014-01-01
WASP-117 b,Confirmed,0.3,0.98,10.020593,0.0714,0.302,-0.11,Primary Transit,2014-01-01
WASP-118 Ab,Confirmed,0.514,1.44,4.0460435,0.05453,0.0,0.16,Primary Transit,2016-01-01
WASP-119 b,Confirmed,1.23,1.4,2.49979,0.0363,0.058,0.14,Primary Transit,2016-01-01
WASP-120 Ab,Confirmed,5.06,1.515,3.6112706,0.0522,0.059,-0.05,Primary Transit,2015-01-01
WASP-121 b,Confirmed,1.184,1.865,1.2749255,0.02544,0.02,0.13,Primary Transit,2015-01-01
WASP-122 Ab,Confirmed,1.401,1.792,1.7100567,0.03107,0.0,0.32,Primary Transit,2015-01-01
WASP-123 Ab,Confirmed,0.92,1.327,2.977641,0.0431,0.0,0.18,Primary Transit,2015-01-01
WASP-124 b,Confirmed,0.6,1.24,3.37265,0.0499,0.017,-0.02,Primary Transit,2016-01-01
WASP-126 b,Confirmed,0.2841,0.96,3.2888,0.0449,0.18,0.17,Primary Transit,2016-01-01
WASP-128 b,Confirmed,37.19,0.937,2.20883665,0.0359,0.0,0.01,Primary Transit,2018-01-01
WASP-129 Ab,Confirmed,1.0,0.93,5.748145,0.0628,0.096,0.15,Primary Transit,2016-01-01
WASP-12 Ab,Confirmed,1.47,1.9,1.09141937,0.02344,0.0,0.3,Primary Transit,2008-01-01
WASP-130 Ab,Confirmed,1.23,0.89,11.55098,0.1012,0.0,0.26,Primary Transit,2016-01-01
WASP-131 Ab,Confirmed,0.27,1.19,5.3220096,0.0602,0.0,0.18,Primary Transit,2016-01-01
WASP-132 b,Confirmed,0.428,0.901,7.1335164,0.067,0.0163,0.22,"Primary Transit, Radial Velocity",2016-01-01
WASP-132 c,Confirmed,0.0197,0.16424,1.01153624,0.01833,0.0,0.22,"Primary Transit, Radial Velocity",2022-01-01
WASP-133 b,Confirmed,1.16,1.21,2.176423,0.0345,0.17,0.29,Primary Transit,2016-01-01
WASP-134 b,Confirmed,1.412,0.988,10.1467583,0.0956,0.1447,0.4,Primary Transit,2018-01-01
WASP-135 b,Confirmed,1.9,1.3,1.4013794,0.0243,0.0,0.02,Primary Transit,2015-01-01
WASP-137 Ab,Confirmed,0.681,1.27,3.9080284,0.0519,0.14,0.487,Primary Transit,2018-01-01
WASP-139 Ab,Confirmed,0.117,0.8,5.924262,0.062,0.0,0.2,Primary Transit,2016-01-01
WASP-13 b,Confirmed,0.52,1.32,4.35323,0.052,0.0,0.0,Primary Transit,2008-01-01
WASP-140 Ab,Confirmed,2.44,1.44,2.2359835,0.0323,0.047,0.12,Primary Transit,2016-01-01
WASP-141 b,Confirmed,2.69,1.21,3.310651,0.0469,0.0,0.29,Primary Transit,2016-01-01
WASP-142 b,Confirmed,0.84,1.53,2.052868,0.0347,0.0,0.26,Primary Transit,2016-01-01
WASP-143 b,Confirmed,0.725,1.234,3.778873,0.049,0.0007,0.23,Primary Transit,2018-01-01
WASP-144 b,Confirmed,0.44,0.85,2.2783152,0.0316,0.0,0.18,Primary Transit,2018-01-01
WASP-145 Ab,Confirmed,0.89,0.9,1.7690381,0.0261,0.0,-0.04,Primary Transit,2018-01-01
WASP-146 b,Confirmed,1.11,1.228,3.396944,0.0451,0.15,-0.01,Primary Transit,2018-01-01
WASP-147 b,Confirmed,0.275,1.115,4.60273,0.0549,0.0,0.092,Primary Transit,2018-01-01
WASP-148 b,Confirmed,0.287,0.756,8.80345,0.08215,0.208,0.11,Primary Transit,2020-01-01
WASP-149 b,Confirmed,0.991,1.36,1.332813,0.024,0.0,0.0,Primary Transit,2014-01-01
WASP-14 Ab,Confirmed,7.341,1.281,2.2437661,0.036,0.087,0.0,Primary Transit,2008-01-01
WASP-150 b,Confirmed,8.46,1.07,5.644207,0.0694,0.3775,0.2,Primary Transit,2020-01-01
WASP-151 b,Confirmed,0.31,1.13,4.533471,0.055,0.0,0.1,Primary Transit,2017-01-01
WASP-153,Confirmed,0.0211,0.2355,5.197576,0.0554,0.13,-0.02,Primary Transit,2020-01-01
WASP-153 Ab,Confirmed,0.39,1.55,3.332609,0.048,0.0,0.34,Primary Transit,2017-01-01
WASP-154 b,Confirmed,0.626,0.96,3.811678,0.044,0.0,0.2,Primary Transit,2025-01-01
WASP-155 b,Confirmed,0.871,1.2,3.110413,0.043,0.0,0.0,Primary Transit,2023-01-01
WASP-156 b,Confirmed,0.1303,0.554,3.8361623,0.0451,0.0,0.24,Primary Transit,2017-01-01
WASP-157 b,Confirmed,0.576,0.998,3.951623,0.0499,0.0,0.25,Primary Transit,2016-01-01
WASP-159 b,Confirmed,0.55,1.38,3.840401,0.0538,0.0,0.22,Primary Transit,2018-01-01
WASP-15 b,Confirmed,0.542,1.428,3.7520656,0.0499,0.0,-0.17,Primary Transit,2008-01-01
WASP-160 Bb,Confirmed,0.281,1.093,3.768495,0.0455,0.0,0.389,Primary Transit,2018-01-01
WASP-162 b,Confirmed,5.2,1.0,9.62468,0.0871,0.434,0.28,Primary Transit,2018-01-01
WASP-164 b,Confirmed,2.13,1.128,1.7771255,0.02818,0.0,-0.01,Primary Transit,2018-01-01
WASP-165 b,Confirmed,0.658,1.26,3.465509,0.04823,0.0,0.33,Primary Transit,2018-01-01
WASP-166 b,Confirmed,0.102,0.6155,5.44354215,0.0668,0.0,0.19,Primary Transit,2018-01-01
WASP-168 Ab,Confirmed,0.42,1.5,4.153658,0.0519,0.0,-0.01,Primary Transit,2018-01-01
WASP-169 b,Confirmed,0.561,1.304,5.6114118,0.0681,0.0,0.06,Primary Transit,2019-01-01
WASP-16 b,Confirmed,0.855,1.008,3.1186009,0.0421,0.0,0.01,Primary Transit,2009-01-01
WASP-171 b,Confirmed,1.084,0.988,3.8186244,0.0504,0.0,0.04,Primary Transit,2019-01-01
WASP-172 b,Confirmed,0.47,1.57,5.477433,0.0694,0.0,-0.1,Primary Transit,2018-01-01
WASP-174 b,Confirmed,0.33,1.437,4.2337005,0.05503,0.0,0.12,Primary Transit,2018-01-01
WASP-175 Ab,Confirmed,0.99,1.208,3.0652907,0.044,0.0,0.15,Primary Transit,2019-01-01
WASP-176 b,Confirmed,0.855,1.505,3.899052,0.0535,0.0,0.215,Primary Transit,2020-01-01
WASP-178 b,Confirmed,1.41,1.94,3.3448285,0.0558,0.0,-0.06,Primary Transit,2019-01-01
WASP-17 b,Confirmed,0.486,1.991,3.735438,0.0515,0.028,-0.19,Primary Transit,2009-01-01
WASP-182 b,Confirmed,0.148,0.85,3.3769848,0.0451,0.0,0.27,Primary Transit,2019-01-01
WASP-184 b,Confirmed,0.57,1.33,5.1817,0.0627,0.0,0.12,Primary Transit,2019-01-01
WASP-188 Ab,Confirmed,1.443,1.322,5.748916,0.072,0.0,0.0,Primary Transit,2025-01-01
WASP-189 Ab,Confirmed,1.99,1.619,2.724033,0.05053,0.0,0.0,Primary Transit,2018-01-01
WASP-18 Ab,Confirmed,10.4296,1.165,0.9414518,0.02047,0.0088,0.0,Primary Transit,2009-01-01
WASP-193 Ab,Confirmed,0.139,1.464,6.2463345,0.0676,0.056,-0.06,Primary Transit,2023-01-01
WASP-194 Ab,Confirmed,1.174,1.381,3.183387,0.047,0.0,0.0,Primary Transit,2021-01-01
WASP-195 b,Confirmed,0.104,0.92,5.051928,0.063,0.0,0.0,Primary Transit,2025-01-01
WASP-197 b,Confirmed,1.269,1.289,5.167228,0.065,0.0,0.0,Primary Transit,2025-01-01
WASP-19 Ab,Confirmed,1.139,1.41,0.78884,0.016634,0.0046,0.02,Primary Transit,2009-01-01
WASP-1 Ab,Confirmed,0.947,1.514,2.5199448,0.03958,0.0,0.21,Primary Transit,2006-01-01
WASP-20 Ab,Confirmed,0.313,1.459,4.8996285,0.06003,0.0,-0.009,Primary Transit,2011-01-01
WASP-21 b,Confirmed,0.3,1.21,4.3225126,0.052,0.0,-0.4,Primary Transit,2010-01-01
WASP-22 b,Confirmed,0.617,1.199,3.5327313,0.04698,0.0,-0.05,Primary Transit,2010-01-01
WASP-24 Ab,Confirmed,1.071,1.3,2.3412127,0.03651,0.0,0.07,Primary Transit,2010-01-01
WASP-25 b,Confirmed,0.58,1.26,3.76483,0.0474,0.0,-0.05,Primary Transit,2010-01-01
WASP-26 Ab,Confirmed,1.028,1.281,2.7566004,0.03985,0.0,-0.02,Primary Transit,2010-01-01
WASP-28 b,Confirmed,0.907,1.213,3.40883,0.04469,0.046,-0.29,Primary Transit,2010-01-01
WASP-29 Ab,Confirmed,0.243,0.775,3.92271218,0.047,0.03,0.11,Primary Transit,2010-01-01
WASP-2 Ab,Confirmed,0.847,1.079,2.15222144,0.03138,0.0,-0.08,Primary Transit,2006-01-01
WASP-30 b,Confirmed,60.86,0.889,4.156736,0.05325,0.0,-0.03,Primary Transit,2010-01-01
WASP-31 b,Confirmed,0.478,1.537,3.405909,0.04657,0.0,-0.19,Primary Transit,2010-01-01
WASP-32 b,Confirmed,3.6,1.18,2.71865,0.0394,0.018,-0.13,Primary Transit,2010-01-01
WASP-33 Ab,Confirmed,2.8,1.603,1.21986967,0.02558,0.0,0.1,Primary Transit,2010-01-01
WASP-34 b,Confirmed,0.58,1.26,4.31768509,0.0545,0.038,-0.02,Primary Transit,2010-01-01
WASP-36 Ab,Confirmed,2.279,1.269,1.5373653,0.02624,0.0,-0.31,Primary Transit,2010-01-01
WASP-37 b,Confirmed,1.8,1.16,3.577471,0.04339,0.0,-0.4,Primary Transit,2010-01-01
WASP-38 b,Confirmed,2.712,1.079,6.871815,0.07551,0.0321,-0.12,Primary Transit,2010-01-01
WASP-39 b,Confirmed,0.28,1.27,4.055259,0.0486,0.0,-0.12,Primary Transit,2011-01-01
WASP-3 Ab,Confirmed,1.81,1.392,1.8468354,0.0313,0.0,-0.04,Primary Transit,2007-01-01
WASP-41 b,Confirmed,0.94,1.18,3.052404,0.04,0.026,-0.08,Primary Transit,2010-01-01
WASP-43 b,Confirmed,2.052,1.036,0.81347753,0.01526,0.0035,-0.01,Primary Transit,2011-01-01
WASP-44 b,Confirmed,0.889,1.14,2.4238039,0.03473,0.0,0.06,Primary Transit,2011-01-01
WASP-45 Ab,Confirmed,1.007,1.16,3.1260876,0.04054,0.0,0.36,Primary Transit,2011-01-01
WASP-46 b,Confirmed,2.101,1.31,1.43037,0.02448,0.0,-0.37,Primary Transit,2011-01-01
WASP-47 b,Confirmed,1.14243,1.127,4.1591289,0.052,0.0028,0.38,Primary Transit,2012-01-01
WASP-47 d,Confirmed,0.04122,0.319,9.03077,0.088,0.014,0.38,Primary Transit,2015-01-01
WASP-47 e,Confirmed,0.02149,0.161,0.789592,0.0173,0.03,0.38,Primary Transit,2015-01-01
WASP-48 b,Confirmed,0.98,1.67,2.143634,0.03444,0.0,-0.12,Primary Transit,2011-01-01
WASP-49 Ab,Confirmed,0.399,1.198,2.7817387,0.03873,0.0,-0.23,Primary Transit,2011-01-01
WASP-4 b,Confirmed,1.1974,1.3846,1.338231602,0.02312,0.0053,-0.03,Primary Transit,2007-01-01
WASP-50 b,Confirmed,1.437,1.138,1.9550959,0.02913,0.009,-0.12,Primary Transit,2011-01-01
WASP-52 b,Confirmed,0.46,1.27,1.74977083,0.0272,0.0,0.03,Primary Transit,2011-01-01
WASP-53 b,Confirmed,2.132,1.074,3.3098443,0.04101,0.0,0.22,Primary Transit,2011-01-01
WASP-55 Ab,Confirmed,0.61,1.33,4.46563,0.0533,0.0,-0.2,Primary Transit,2012-01-01
WASP-56 Ab,Confirmed,0.599,1.092,4.617101,0.05614,0.082,0.43,Primary Transit,2011-01-01
WASP-58 Ab,Confirmed,0.89,1.37,5.01718,0.0561,0.0,-0.45,Primary Transit,2011-01-01
WASP-59 Ab,Confirmed,0.863,0.775,7.919585,0.0697,0.1,-0.15,Primary Transit,2011-01-01
WASP-5 b,Confirmed,1.637,1.171,1.6284246,0.02729,0.0,0.09,Primary Transit,2007-01-01
WASP-60 b,Confirmed,0.514,0.86,4.3050011,0.0531,0.0,-0.04,Primary Transit,2011-01-01
WASP-61 b,Confirmed,2.06,1.24,3.8559,0.0514,0.0,-0.1,Primary Transit,2011-01-01
WASP-62 b,Confirmed,0.58,1.39,4.41193811,0.0581,0.0,0.04,Primary Transit,2011-01-01
WASP-63 b,Confirmed,0.38,1.43,4.37809,0.0574,0.0,0.08,Primary Transit,2011-01-01
WASP-64 Bb,Confirmed,1.221,1.271,1.5732918,0.02648,0.0,-0.08,Primary Transit,2011-01-01
WASP-66 b,Confirmed,2.32,1.39,4.086052,0.0546,0.0,-0.31,Primary Transit,2011-01-01
WASP-67 b,Confirmed,0.42,1.4,4.61442,0.0517,0.0,-0.07,Primary Transit,2011-01-01
WASP-68 Ab,Confirmed,0.95,1.24,5.084298,0.06206,0.0,0.19,Primary Transit,2011-01-01
WASP-69 b,Confirmed,0.26,1.057,3.8681382,0.04525,0.0,0.144,Primary Transit,2011-01-01
WASP-6 b,Confirmed,0.503,1.224,3.361006,0.0421,0.054,-0.2,Primary Transit,2008-01-01
WASP-70 Ab,Confirmed,0.59,1.164,3.7130203,0.04853,0.0,-0.006,Primary Transit,2011-01-01
WASP-71 Ab,Confirmed,2.258,1.5,2.9036747,0.04631,0.0,0.15,Primary Transit,2012-01-01
WASP-72 Ab,Confirmed,1.446,1.27,2.2167421,0.03711,0.017,-0.361,Primary Transit,2013-01-01
WASP-73 b,Confirmed,1.89,1.17,4.087298,0.049,0.0,0.14,Primary Transit,2013-01-01
WASP-75 Ab,Confirmed,1.07,1.27,2.484193,0.0375,0.0,0.07,Primary Transit,2013-01-01
WASP-76 Ab,Confirmed,0.92,1.83,1.809886,0.033,0.0,0.23,Primary Transit,2013-01-01
WASP-77 Ab,Confirmed,1.759,1.21,1.3600288,0.02345,0.0135,0.0,Primary Transit,2012-01-01
WASP-78 b,Confirmed,0.89,1.7,2.17517656,0.0415,0.0,-0.35,Primary Transit,2012-01-01
WASP-79 b,Confirmed,0.835,1.58,3.66239094,0.05014,0.0,0.03,Primary Transit,2012-01-01
WASP-7 b,Confirmed,0.96,1.33,4.9546416,0.0617,0.0,0.0,Primary Transit,2008-01-01
WASP-80 b,Confirmed,0.554,0.952,3.0678504,0.0346,0.07,-0.14,Primary Transit,2013-01-01
WASP-81 b,Confirmed,0.729,1.429,2.7164762,0.03908,0.0,-0.36,Primary Transit,2016-01-01
WASP-82 b,Confirmed,1.24,1.63,2.705789,0.0448,0.0,0.12,Primary Transit,2013-01-01
WASP-83 b,Confirmed,0.3,1.04,4.071252,0.059,0.0,0.29,Primary Transit,2014-01-01
WASP-84 b,Confirmed,0.692,0.9564,8.5234964,0.0778,0.0,0.0,Primary Transit,2013-01-01
WASP-87 Ab,Confirmed,2.21,1.385,1.682795,0.02946,0.0,-0.41,Primary Transit,2014-01-01
WASP-88 b,Confirmed,0.56,1.7,4.954,0.06431,0.0,-0.008,Primary Transit,2013-01-01
WASP-89 b,Confirmed,5.9,1.04,3.3564227,0.0427,0.193,0.15,Primary Transit,2014-01-01
WASP-8 Ab,Confirmed,2.244,1.038,8.158715,0.0801,0.31,0.17,Primary Transit,2008-01-01
WASP-90 b,Confirmed,0.63,1.63,3.916243,0.0562,0.0,0.11,Primary Transit,2013-01-01
WASP-91 b,Confirmed,1.34,1.03,2.798581,0.037,0.0,0.19,Primary Transit,2017-01-01
WASP-92 b,Confirmed,0.805,1.461,2.1746742,0.0348,0.0,0.0,Primary Transit,2016-01-01
WASP-94 Ab,Confirmed,0.452,1.665,3.95020219,0.055,0.0,0.26,Primary Transit,2014-01-01
WASP-95 b,Confirmed,1.206,1.098,2.1846656,0.0312,0.0,0.14,Primary Transit,2013-01-01
WASP-96 b,Confirmed,0.48,1.2,3.4252602,0.0453,0.0,0.14,Primary Transit,2013-01-01
WASP-97 b,Confirmed,1.32,1.13,2.07276,0.03303,0.0,0.23,Primary Transit,2013-01-01
WASP-98 Ab,Confirmed,0.83,1.1,2.96264,0.036,0.0,-0.6,Primary Transit,2013-01-01
WASP-99 b,Confirmed,2.78,1.1,5.75251,0.0717,0.0,0.21,Primary Transit,2013-01-01
Wolf 503 b,Confirmed,0.0197,0.18227,6.001127,0.05706,0.41,-0.47,Primary Transit,2018-01-01
WTS-1 b,Confirmed,4.01,1.49,3.352059,0.047,0.1,-0.25,Primary Transit,2012-01-01
WTS-2 b,Confirmed,1.12,1.3,1.0187074,0.01855,0.0,0.2,Primary Transit,2013-01-01
XO-2N b,Confirmed,0.62,0.973,2.615838,0.0369,0.045,0.37,Primary Transit,2007-01-01
XO-3 Ab,Confirmed,11.79,1.217,3.1915239,0.0454,0.26,-0.08,Primary Transit,2007-01-01
XO-4 b,Confirmed,1.616,1.317,4.12473,0.05485,0.0,-0.04,Primary Transit,2008-01-01
XO-5 b,Confirmed,1.077,1.03,4.1877537,0.0487,0.0,0.18,Primary Transit,2008-01-01
XO-6 b,Confirmed,4.47,2.17,3.7649923,0.0742,0.0,-0.07,Primary Transit,2016-01-01
XO-7 b,Confirmed,0.726,1.346,2.86413296,0.04329,0.038,0.41,Primary Transit,2019-01-01
